2000,1,French Southern Territories,Îles Éparses,185,111,1
2000,1,Mauritius,Black River,185,111,1
2000,1,Mauritius,Coco Island,185,111,1
2000,1,Mauritius,Flacq,185,111,1
2000,1,Mauritius,Grand Port,185,111,1
2000,1,Mauritius,Moka,185,111,1
2000,1,Mauritius,Pamplemousses,185,111,1
2000,1,Mauritius,Plaines Wilhems,185,111,1
2000,1,Mauritius,Port Louis,185,111,1
2000,1,Mauritius,Rivière du Rempart,185,111,1
2000,1,Mauritius,Savanne,185,111,1
2000,1,Reunion,Saint-Benoît,185,111,1
2000,1,Reunion,Saint-Denis,185,111,1
2000,1,Reunion,Saint-Paul,185,111,1
2000,1,Reunion,Saint-Pierre,185,111,1
2000,2,Madagascar,Antananarivo,185,98,1
2000,2,Madagascar,Fianarantsoa,185,98,1
2000,2,Madagascar,Mahajanga,185,98,1
2000,2,Madagascar,Toamasina,185,98,1
2000,2,Madagascar,Toliary,185,98,1
2000,2,Malawi,Nsanje,185,98,1
2000,2,Mozambique,Gaza,185,98,1
2000,2,Mozambique,Inhambane,185,98,1
2000,2,Mozambique,Manica,185,98,1
2000,2,Mozambique,Sofala,185,98,1
2000,2,Mozambique,Tete,185,98,1
2000,2,Mozambique,Zambezia,185,98,1
2000,2,Zimbabwe,Manicaland,185,98,1
2000,2,Zimbabwe,Mashonaland East,185,98,1
2000,2,Zimbabwe,Masvingo,185,98,1
2000,3,French Southern Territories,Îles Éparses,222,133,1
2000,3,Madagascar,Antsiranana,222,133,1
2000,3,Madagascar,Mahajanga,222,133,1
2000,3,Madagascar,Toamasina,222,133,1
2000,3,Mauritius,Black River,222,133,1
2000,3,Mauritius,Coco Island,222,133,1
2000,3,Mauritius,Flacq,222,133,1
2000,3,Mauritius,Moka,222,133,1
2000,3,Mauritius,Pamplemousses,222,133,1
2000,3,Mauritius,Plaines Wilhems,222,133,1
2000,3,Mauritius,Port Louis,222,133,1
2000,3,Mauritius,Rivière du Rempart,222,133,1
2000,3,Mauritius,Rodriguez,222,133,1
2000,4,Australia,Coral Sea Islands,169,121,1
2000,4,Australia,Queensland,169,121,1
2000,6,Mexico,Baja California Sur,250,140,1
2000,6,Mexico,Colima,250,140,1
2000,6,Mexico,Guerrero,250,140,1
2000,6,Mexico,Jalisco,250,140,1
2000,6,Mexico,Michoacán,250,140,1
2000,8,China,Fujian,204,142,1
2000,8,China,Guangdong,204,142,1
2000,8,Japan,Okinawa,204,142,1
2000,8,Philippines,Batanes,204,142,1
2000,8,Philippines,Cagayan,204,142,1
2000,8,Taiwan,Kaohsiung,204,142,1
2000,8,Taiwan,Taipei,204,142,1
2000,8,Taiwan,Taiwan,204,142,1
2000,9,Belize,Belize,222,105,1
2000,9,Belize,Cayo,222,105,1
2000,9,Belize,Corozal,222,105,1
2000,9,Belize,Orange Walk,222,105,1
2000,9,Belize,Stann Creek,222,105,1
2000,9,Belize,Toledo,222,105,1
2000,9,Guatemala,Alta Verapaz,222,105,1
2000,9,Guatemala,Baja Verapaz,222,105,1
2000,9,Guatemala,Chiquimula,222,105,1
2000,9,Guatemala,El Progreso,222,105,1
2000,9,Guatemala,Izabal,222,105,1
2000,9,Guatemala,Petén,222,105,1
2000,9,Guatemala,Quiché,222,105,1
2000,9,Guatemala,Zacapa,222,105,1
2000,9,Honduras,Atlántida,222,105,1
2000,9,Honduras,Colón,222,105,1
2000,9,Honduras,Comayagua,222,105,1
2000,9,Honduras,Copán,222,105,1
2000,9,Honduras,Cortés,222,105,1
2000,9,Honduras,Francisco Morazán,222,105,1
2000,9,Honduras,Gracias a Dios,222,105,1
2000,9,Honduras,Intibucá,222,105,1
2000,9,Honduras,Islas de la Bahía,222,105,1
2000,9,Honduras,La Paz,222,105,1
2000,9,Honduras,Lempira,222,105,1
2000,9,Honduras,Ocotepeque,222,105,1
2000,9,Honduras,Olancho,222,105,1
2000,9,Honduras,Santa Bárbara,222,105,1
2000,9,Honduras,Yoro,222,105,1
2000,9,Japan,Kagoshima,176,121,1
2000,9,Japan,Okinawa,176,121,1
2000,9,Mexico,Campeche,222,105,1
2000,9,Mexico,Chiapas,222,105,1
2000,9,Mexico,Quintana Roo,222,105,1
2000,9,Mexico,Tabasco,222,105,1
2000,9,Mexico,Yucatán,222,105,1
2000,9,United States Minor Outlying Islands,Wake,176,143,1
2000,12,French Southern Territories,Îles Éparses,194,104,1
2000,12,Mauritius,Coco Island,194,104,1
2000,12,Reunion,Saint-Benoît,194,104,1
2000,12,Reunion,Saint-Denis,194,104,1
2000,12,Reunion,Saint-Paul,194,104,1
2000,12,Reunion,Saint-Pierre,194,104,1
2001,2,Fiji,Central,176,109,1
2001,2,Fiji,Eastern,176,109,1
2001,2,Fiji,Western,176,109,1
2001,2,Tonga,'Eua,176,109,1
2001,2,Tonga,Ha'apai,176,109,1
2001,2,Tonga,Tongatapu,176,109,1
2001,2,Vanuatu,Tafea,176,109,1
2001,5,Mexico,Baja California Sur,232,136,1
2001,5,Mexico,Colima,232,136,1
2001,5,Mexico,Guerrero,232,136,1
2001,5,Mexico,Michoacán,232,136,1
2001,5,Mexico,Oaxaca,232,136,1
2001,8,Mexico,Baja California Sur,167,105,1
2001,9,Bermuda,Devonshire,194,105,1
2001,9,Bermuda,Hamilton,194,105,1
2001,9,Bermuda,Hamilton Municipality,194,105,1
2001,9,Bermuda,Paget,194,105,1
2001,9,Bermuda,Pembroke,194,105,1
2001,9,Bermuda,Saint George municipality,194,105,1
2001,9,Bermuda,Saint George's,194,105,1
2001,9,Bermuda,Sandys,194,105,1
2001,9,Bermuda,Smiths,194,105,1
2001,9,Bermuda,Southampton,194,105,1
2001,9,Bermuda,Warwick,194,105,1
2001,9,Canada,Nova Scotia,167,111,1
2001,9,Mexico,Baja California Sur,232,121,1
2001,9,Mexico,Colima,232,121,1
2001,9,Mexico,Guerrero,232,121,1
2001,9,Mexico,Jalisco,232,121,1
2001,9,Mexico,Michoacán,232,121,1
2001,10,Bahamas,Biminis,222,125,1
2001,10,Bahamas,Central Andros,222,125,1
2001,10,Bahamas,Mangrove Cay,222,125,1
2001,10,Bahamas,North Andros,222,125,1
2001,10,Bahamas,South Andros,222,125,1
2001,10,Belize,Belize,232,121.5,2
2001,10,Belize,Cayo,232,118,1
2001,10,Belize,Corozal,232,118,1
2001,10,Belize,Orange Walk,232,118,1
2001,10,Belize,Stann Creek,232,118,1
2001,10,Belize,Toledo,232,118,1
2001,10,Cayman Islands,Bodden Town,232,121.5,2
2001,10,Cayman Islands,Cayman Brac,232,121.5,2
2001,10,Cayman Islands,East End,232,121.5,2
2001,10,Cayman Islands,George Town,232,121.5,2
2001,10,Cayman Islands,Little Cayman,232,121.5,2
2001,10,Cayman Islands,North Side,232,121.5,2
2001,10,Cayman Islands,West Bay,232,121.5,2
2001,10,Colombia,San Andrés y Providencia,232,118,1
2001,10,Cuba,Camagüey,222,125,1
2001,10,Cuba,Ciego de Ávila,222,125,1
2001,10,Cuba,Cienfuegos,222,125,1
2001,10,Cuba,Ciudad de la Habana,222,125,1
2001,10,Cuba,Isla de la Juventud,222,125,1
2001,10,Cuba,La Habana,222,125,1
2001,10,Cuba,Las Tunas,222,125,1
2001,10,Cuba,Matanzas,222,125,1
2001,10,Cuba,Pinar del Río,222,125,1
2001,10,Cuba,Sancti Spíritus,222,125,1
2001,10,Cuba,Villa Clara,222,125,1
2001,10,El Salvador,Ahuachapán,232,118,1
2001,10,El Salvador,Cabañas,232,118,1
2001,10,El Salvador,Chalatenango,232,118,1
2001,10,El Salvador,Cuscatlán,232,118,1
2001,10,El Salvador,La Libertad,232,118,1
2001,10,El Salvador,La Paz,232,118,1
2001,10,El Salvador,La Unión,232,118,1
2001,10,El Salvador,Morazán,232,118,1
2001,10,El Salvador,San Miguel,232,118,1
2001,10,El Salvador,San Salvador,232,118,1
2001,10,El Salvador,San Vicente,232,118,1
2001,10,El Salvador,Santa Ana,232,118,1
2001,10,El Salvador,Sonsonate,232,118,1
2001,10,El Salvador,Usulután,232,118,1
2001,10,Guatemala,Alta Verapaz,232,118,1
2001,10,Guatemala,Baja Verapaz,232,118,1
2001,10,Guatemala,Chimaltenango,232,118,1
2001,10,Guatemala,Chiquimula,232,118,1
2001,10,Guatemala,El Progreso,232,118,1
2001,10,Guatemala,Escuintla,232,118,1
2001,10,Guatemala,Guatemala,232,118,1
2001,10,Guatemala,Huehuetenango,232,118,1
2001,10,Guatemala,Izabal,232,118,1
2001,10,Guatemala,Jalapa,232,118,1
2001,10,Guatemala,Jutiapa,232,118,1
2001,10,Guatemala,Petén,232,118,1
2001,10,Guatemala,Quiché,232,118,1
2001,10,Guatemala,Sacatepéquez,232,118,1
2001,10,Guatemala,Santa Rosa,232,118,1
2001,10,Guatemala,Totonicapán,232,118,1
2001,10,Guatemala,Zacapa,232,118,1
2001,10,Honduras,Atlántida,232,118,1
2001,10,Honduras,Choluteca,232,118,1
2001,10,Honduras,Colón,232,121.5,2
2001,10,Honduras,Comayagua,232,118,1
2001,10,Honduras,Copán,232,118,1
2001,10,Honduras,Cortés,232,118,1
2001,10,Honduras,El Paraíso,232,118,1
2001,10,Honduras,Francisco Morazán,232,118,1
2001,10,Honduras,Gracias a Dios,232,121.5,2
2001,10,Honduras,Intibucá,232,118,1
2001,10,Honduras,Islas de la Bahía,232,121.5,2
2001,10,Honduras,La Paz,232,118,1
2001,10,Honduras,Lempira,232,118,1
2001,10,Honduras,Ocotepeque,232,118,1
2001,10,Honduras,Olancho,232,121.5,2
2001,10,Honduras,Santa Bárbara,232,118,1
2001,10,Honduras,Valle,232,118,1
2001,10,Honduras,Yoro,232,118,1
2001,10,Japan,Shizuoka,185,140,1
2001,10,Mexico,Campeche,232,118,1
2001,10,Mexico,Chiapas,232,118,1
2001,10,Mexico,Quintana Roo,232,121.5,2
2001,10,Mexico,Tabasco,232,118,1
2001,10,Mexico,Yucatán,232,118,1
2001,10,Nicaragua,Atlántico Norte,232,118,1
2001,10,Nicaragua,Chinandega,232,118,1
2001,10,Nicaragua,Estelí,232,118,1
2001,10,Nicaragua,Jinotega,232,118,1
2001,10,Nicaragua,Madriz,232,118,1
2001,10,Nicaragua,Matagalpa,232,118,1
2001,10,Nicaragua,Nueva Segovia,232,118,1
2001,10,United States,Florida,222,125,1
2001,12,Northern Mariana Islands,Northern Islands,194,116,1
2001,12,Northern Mariana Islands,Saipan,194,116,1
2001,12,Northern Mariana Islands,Tinian,194,116,1
2002,1,Mauritius,Black River,213,127,1
2002,1,Mauritius,Coco Island,213,127,1
2002,1,Mauritius,Flacq,213,127,1
2002,1,Mauritius,Grand Port,213,127,1
2002,1,Mauritius,Moka,213,127,1
2002,1,Mauritius,Pamplemousses,213,127,1
2002,1,Mauritius,Plaines Wilhems,213,127,1
2002,1,Mauritius,Port Louis,213,127,1
2002,1,Mauritius,Rivière du Rempart,213,127,1
2002,1,Mauritius,Rodriguez,213,127,1
2002,1,Mauritius,Savanne,213,127,1
2002,1,Reunion,Saint-Benoît,213,127,1
2002,1,Reunion,Saint-Denis,213,127,1
2002,1,Reunion,Saint-Paul,213,127,1
2002,1,Reunion,Saint-Pierre,213,127,1
2002,2,Mauritius,Black River,204,112,1
2002,2,Mauritius,Coco Island,204,112,1
2002,2,Mauritius,Flacq,204,112,1
2002,2,Mauritius,Grand Port,204,112,1
2002,2,Mauritius,Moka,204,112,1
2002,2,Mauritius,Pamplemousses,204,112,1
2002,2,Mauritius,Plaines Wilhems,204,112,1
2002,2,Mauritius,Port Louis,204,112,1
2002,2,Mauritius,Rivière du Rempart,204,112,1
2002,2,Mauritius,Savanne,204,112,1
2002,2,Reunion,Saint-Benoît,204,112,1
2002,2,Reunion,Saint-Denis,204,112,1
2002,2,Reunion,Saint-Paul,204,112,1
2002,2,Reunion,Saint-Pierre,204,112,1
2002,3,Madagascar,Antananarivo,222,111,1
2002,3,Madagascar,Antsiranana,222,111,1
2002,3,Madagascar,Mahajanga,222,111,1
2002,3,Madagascar,Toamasina,222,111,1
2002,3,Mauritius,North Island,222,111,1
2002,5,Mexico,Baja California Sur,185,100,1
2002,5,Northern Mariana Islands,Northern Islands,176,125,1
2002,6,Japan,Okinawa,176,116,1
2002,7,Japan,Shizuoka,185,142,1
2002,7,Mexico,Baja California Sur,259,110.5,2
2002,8,Mexico,Baja California Sur,259,134,1
2002,9,Belize,Belize,204,97,1
2002,9,Belize,Corozal,204,97,1
2002,9,Belize,Orange Walk,204,97,1
2002,9,Cayman Islands,Bodden Town,232,97.5,2
2002,9,Cayman Islands,Cayman Brac,204,97,1
2002,9,Cayman Islands,East End,232,97.5,2
2002,9,Cayman Islands,George Town,232,97.5,2
2002,9,Cayman Islands,Little Cayman,204,97,1
2002,9,Cayman Islands,North Side,232,97.5,2
2002,9,Cayman Islands,West Bay,232,97.5,2
2002,9,Cuba,Cienfuegos,232,97.5,2
2002,9,Cuba,Ciudad de la Habana,232,97.5,2
2002,9,Cuba,Isla de la Juventud,232,97.5,2
2002,9,Cuba,La Habana,232,97.5,2
2002,9,Cuba,Matanzas,232,97.5,2
2002,9,Cuba,Pinar del Río,232,97.5,2
2002,9,Cuba,Sancti Spíritus,232,97.5,2
2002,9,Cuba,Villa Clara,232,97.5,2
2002,9,Guatemala,Petén,204,97,1
2002,9,Mexico,Campeche,204,97,1
2002,9,Mexico,Quintana Roo,232,97.5,2
2002,9,Mexico,Yucatán,232,97.5,2
2002,9,United States,Florida,232,98,1
2002,9,United States,Louisiana,232,98,1
2002,9,United States,Mississippi,232,98,1
2002,9,United States,Texas,232,98,1
2002,10,Mexico,Aguascalientes,269,150,1
2002,10,Mexico,Baja California Sur,269,150,1
2002,10,Mexico,Coahuila,269,150,1
2002,10,Mexico,Colima,269,150,1
2002,10,Mexico,Durango,269,150,1
2002,10,Mexico,Guanajuato,269,150,1
2002,10,Mexico,Jalisco,269,150,1
2002,10,Mexico,Michoacán,269,150,1
2002,10,Mexico,Nayarit,269,150,1
2002,10,Mexico,San Luis Potosí,269,150,1
2002,10,Mexico,Sinaloa,269,150,1
2002,10,Mexico,Zacatecas,269,150,1
2002,12,Guam,Agana Heights,167,129,1
2002,12,Guam,Agat,167,129,1
2002,12,Guam,Asan,167,129,1
2002,12,Guam,Barrigada,167,129,1
2002,12,Guam,Chalan-Pago-Ordot,167,129,1
2002,12,Guam,Dededo,167,129,1
2002,12,Guam,Hagåtña,167,129,1
2002,12,Guam,Inarajan,167,129,1
2002,12,Guam,Mangilao,167,129,1
2002,12,Guam,Merizo,167,129,1
2002,12,Guam,Mongmong-Toto-Maite,167,129,1
2002,12,Guam,Piti,167,129,1
2002,12,Guam,Santa Rita,167,129,1
2002,12,Guam,Sinajana,167,129,1
2002,12,Guam,Talofofo,167,129,1
2002,12,Guam,Tamuning,167,129,1
2002,12,Guam,Umatac,167,129,1
2002,12,Guam,Yigo,167,129,1
2002,12,Guam,Yona,167,129,1
2002,12,Northern Mariana Islands,Northern Islands,167,129,1
2002,12,Northern Mariana Islands,Rota,167,129,1
2002,12,Northern Mariana Islands,Saipan,167,129,1
2002,12,Northern Mariana Islands,Tinian,167,129,1
2002,12,Solomon Islands,Temotu,241,105,1
2002,12,Vanuatu,Malampa,241,105,1
2002,12,Vanuatu,Penama,241,105,1
2002,12,Vanuatu,Sanma,241,105,1
2002,12,Vanuatu,Torba,241,105,1
2003,1,New Caledonia,Îles Loyauté,204,86,1
2003,1,New Caledonia,Nord,204,86,1
2003,1,New Caledonia,Sud,204,86,1
2003,1,Vanuatu,Malampa,204,86,1
2003,1,Vanuatu,Penama,204,86,1
2003,1,Vanuatu,Sanma,204,86,1
2003,1,Vanuatu,Shefa,204,86,1
2003,1,Vanuatu,Tafea,204,86,1
2003,2,French Southern Territories,Îles Éparses,176,104,1
2003,2,Mauritius,Black River,167,73,1
2003,2,Mauritius,Coco Island,167,73,1
2003,2,Mauritius,Flacq,167,73,1
2003,2,Mauritius,Grand Port,167,73,1
2003,2,Mauritius,Moka,167,73,1
2003,2,Mauritius,Pamplemousses,167,73,1
2003,2,Mauritius,Plaines Wilhems,167,73,1
2003,2,Mauritius,Port Louis,167,73,1
2003,2,Mauritius,Rivière du Rempart,167,73,1
2003,2,Mauritius,Rodriguez,167,73,1
2003,2,Mauritius,Savanne,167,73,1
2003,2,Mozambique,Gaza,176,104,1
2003,2,Mozambique,Inhambane,176,104,1
2003,2,Mozambique,Sofala,176,104,1
2003,2,Niue,Niue,204,103,1
2003,2,Reunion,Saint-Benoît,167,73,1
2003,2,Reunion,Saint-Denis,167,73,1
2003,2,Reunion,Saint-Paul,167,73,1
2003,2,Reunion,Saint-Pierre,167,73,1
2003,3,Fiji,Eastern,185,111,1
2003,3,Indonesia,Nusa Tenggara Barat,241,129,1
2003,3,Indonesia,Nusa Tenggara Timur,241,129,1
2003,3,Mauritius,Rodriguez,213,123,1
2003,3,New Caledonia,Îles Loyauté,213,93,1
2003,3,New Caledonia,Nord,213,93,1
2003,3,New Caledonia,Sud,213,93,1
2003,3,Tonga,'Eua,185,111,1
2003,3,Tonga,Ha'apai,185,111,1
2003,3,Tonga,Tongatapu,185,111,1
2003,3,Tonga,Vava'u,185,111,1
2003,4,Micronesia,Yap,167,121,1
2003,8,Antigua and Barbuda,Barbuda,232,161,1
2003,8,Antigua and Barbuda,Saint George,232,161,1
2003,8,Antigua and Barbuda,Saint John,232,161,1
2003,8,Antigua and Barbuda,Saint Peter,232,161,1
2003,8,Antigua and Barbuda,Saint Philip,232,161,1
2003,8,Bermuda,Devonshire,232,161,1
2003,8,Bermuda,Hamilton,232,161,1
2003,8,Bermuda,Hamilton Municipality,232,161,1
2003,8,Bermuda,Paget,232,161,1
2003,8,Bermuda,Pembroke,232,161,1
2003,8,Bermuda,Saint George municipality,232,161,1
2003,8,Bermuda,Saint George's,232,161,1
2003,8,Bermuda,Sandys,232,161,1
2003,8,Bermuda,Smiths,232,161,1
2003,8,Bermuda,Southampton,232,161,1
2003,8,Bermuda,Warwick,232,161,1
2003,8,Mexico,Baja California Sur,167,98,1
2003,8,Mexico,Chihuahua,167,98,1
2003,8,Mexico,Durango,167,98,1
2003,8,Mexico,Nayarit,167,98,1
2003,8,Mexico,Sinaloa,167,98,1
2003,8,Mexico,Sonora,167,98,1
2003,9,Bermuda,Hamilton,167,119,1
2003,9,Bermuda,Saint George municipality,167,119,1
2003,9,Bermuda,Saint George's,167,119,1
2003,9,China,Zhejiang,194,129,1
2003,9,Japan,Fukuoka,194,129,1
2003,9,Japan,Kagoshima,194,129,1
2003,9,Japan,Kumamoto,194,129,1
2003,9,Japan,Naoasaki,194,129,1
2003,9,Japan,Okinawa,194,129,1
2003,9,Japan,Saga,194,129,1
2003,9,South Korea,Busan,194,129,1
2003,9,South Korea,Chungcheongbuk-do,194,129,1
2003,9,South Korea,Chungcheongnam-do,194,129,1
2003,9,South Korea,Daegu,194,129,1
2003,9,South Korea,Gwangju,194,129,1
2003,9,South Korea,Gyeongsangbuk-do,194,129,1
2003,9,South Korea,Gyeongsangnam-do,194,129,1
2003,9,South Korea,Incheon,194,129,1
2003,9,South Korea,Jeju,194,129,1
2003,9,South Korea,Jeollabuk-do,194,129,1
2003,9,South Korea,Jeollanam-do,194,129,1
2003,9,South Korea,Ulsan,194,129,1
2003,9,Taiwan,Taiwan,194,129,1
2003,9,United States,North Carolina,269,185,1
2003,9,United States,South Carolina,269,185,1
2003,9,United States,Virginia,269,185,1
2003,10,Mexico,Baja California Sur,167,93,1
2003,11,Micronesia,Yap,185,140,1
2003,12,American Samoa,Eastern,213,86,1
2003,12,American Samoa,Unorganized,213,86,1
2003,12,American Samoa,Western,213,86,1
2003,12,Niue,Niue,213,86,1
2003,12,Samoa,A'ana,213,86,1
2003,12,Samoa,Aiga-i-le-Tai,213,86,1
2003,12,Samoa,Atua,213,86,1
2003,12,Samoa,Fa'asaleleaga,213,86,1
2003,12,Samoa,Gaga'emauga,213,86,1
2003,12,Samoa,Gagaifomauga,213,86,1
2003,12,Samoa,Palauli,213,86,1
2003,12,Samoa,Satupa'itea,213,86,1
2003,12,Samoa,Tuamasaga,213,86,1
2003,12,Samoa,Va'a-o-Fonoti,213,86,1
2003,12,Samoa,Vaisigano,213,86,1
2003,12,Tonga,Niuas,213,86,1
2003,12,Tonga,Vava'u,213,86,1
2003,12,Wallis and Futuna,Uvéa,213,86,1
2004,1,Mauritius,Coco Island,185,101,1
2004,1,Mauritius,Rodriguez,185,101,1
2004,2,Australia,Western Australia,185,98,1
2004,2,New Caledonia,Îles Loyauté,167,111,1
2004,2,New Caledonia,Nord,167,111,1
2004,2,New Caledonia,Sud,167,111,1
2004,2,Vanuatu,Malampa,167,111,1
2004,2,Vanuatu,Penama,167,111,1
2004,2,Vanuatu,Sanma,167,111,1
2004,2,Vanuatu,Shefa,167,111,1
2004,2,Vanuatu,Tafea,167,111,1
2004,2,Vanuatu,Torba,167,111,1
2004,3,Australia,Ashmore and Cartier Islands,213,112,1
2004,3,Australia,Western Australia,213,112,1
2004,3,East Timor,Ambeno,213,112,1
2004,3,East Timor,Cova Lima,213,112,1
2004,3,French Southern Territories,Îles Éparses,232,83,1
2004,3,Indonesia,Nusa Tenggara Timur,213,112,1
2004,3,Madagascar,Antsiranana,232,83,1
2004,3,Madagascar,Mahajanga,232,83,1
2004,3,Madagascar,Toamasina,232,83,1
2004,4,Micronesia,Yap,167,132,1
2004,4,Palau,Aimeliik,167,132,1
2004,4,Palau,Airai,167,132,1
2004,4,Palau,Kayangel,167,132,1
2004,4,Palau,Melekeok,167,132,1
2004,4,Palau,Ngaraard,167,132,1
2004,4,Palau,Ngarchelong,167,132,1
2004,4,Palau,Ngardmau,167,132,1
2004,4,Palau,Ngatpang,167,132,1
2004,4,Palau,Ngchesar,167,132,1
2004,4,Palau,Ngeremlengui,167,132,1
2004,4,Palau,Ngiwal,167,132,1
2004,5,Philippines,Abra,176,137,1
2004,5,Philippines,Agusan del Norte,176,137,1
2004,5,Philippines,Agusan del Sur,176,137,1
2004,5,Philippines,Aklan,176,137,1
2004,5,Philippines,Albay,176,137,1
2004,5,Philippines,Antique,176,137,1
2004,5,Philippines,Apayao,176,137,1
2004,5,Philippines,Aurora,176,137,1
2004,5,Philippines,Bataan,176,137,1
2004,5,Philippines,Batanes,176,137,1
2004,5,Philippines,Batangas,176,137,1
2004,5,Philippines,Benguet,176,137,1
2004,5,Philippines,Biliran,176,137,1
2004,5,Philippines,Bohol,176,137,1
2004,5,Philippines,Bulacan,176,137,1
2004,5,Philippines,Cagayan,176,137,1
2004,5,Philippines,Camarines Norte,176,137,1
2004,5,Philippines,Camarines Sur,176,137,1
2004,5,Philippines,Camiguin,176,137,1
2004,5,Philippines,Capiz,176,137,1
2004,5,Philippines,Catanduanes,176,137,1
2004,5,Philippines,Cavite,176,137,1
2004,5,Philippines,Cebu,176,137,1
2004,5,Philippines,Dinagat Islands,176,137,1
2004,5,Philippines,Eastern Samar,176,137,1
2004,5,Philippines,Guimaras,176,137,1
2004,5,Philippines,Ifugao,176,137,1
2004,5,Philippines,Ilocos Norte,176,137,1
2004,5,Philippines,Ilocos Sur,176,137,1
2004,5,Philippines,Iloilo,176,137,1
2004,5,Philippines,Isabela,176,137,1
2004,5,Philippines,Kalinga,176,137,1
2004,5,Philippines,La Union,176,137,1
2004,5,Philippines,Laguna,176,137,1
2004,5,Philippines,Leyte,176,137,1
2004,5,Philippines,Marinduque,176,137,1
2004,5,Philippines,Masbate,176,137,1
2004,5,Philippines,Metropolitan Manila,176,137,1
2004,5,Philippines,Misamis Oriental,176,137,1
2004,5,Philippines,Mountain Province,176,137,1
2004,5,Philippines,Negros Occidental,176,137,1
2004,5,Philippines,Negros Oriental,176,137,1
2004,5,Philippines,Northern Samar,176,137,1
2004,5,Philippines,Nueva Ecija,176,137,1
2004,5,Philippines,Nueva Vizcaya,176,137,1
2004,5,Philippines,Occidental Mindoro,176,137,1
2004,5,Philippines,Oriental Mindoro,176,137,1
2004,5,Philippines,Pampanga,176,137,1
2004,5,Philippines,Pangasinan,176,137,1
2004,5,Philippines,Quezon,176,137,1
2004,5,Philippines,Quirino,176,137,1
2004,5,Philippines,Rizal,176,137,1
2004,5,Philippines,Romblon,176,137,1
2004,5,Philippines,Samar,176,137,1
2004,5,Philippines,Sorsogon,176,137,1
2004,5,Philippines,Southern Leyte,176,137,1
2004,5,Philippines,Surigao del Norte,176,137,1
2004,5,Philippines,Surigao del Sur,176,137,1
2004,5,Philippines,Tarlac,176,137,1
2004,5,Philippines,Zambales,176,137,1
2004,6,Japan,Kagoshima,185,148,1
2004,6,Japan,Okinawa,185,148,1
2004,6,Micronesia,Yap,185,148,1
2004,6,Philippines,Abra,176,115,1
2004,6,Philippines,Apayao,176,115,1
2004,6,Philippines,Aurora,176,115,1
2004,6,Philippines,Batanes,176,115,1
2004,6,Philippines,Benguet,176,115,1
2004,6,Philippines,Cagayan,176,115,1
2004,6,Philippines,Ifugao,176,115,1
2004,6,Philippines,Ilocos Norte,176,115,1
2004,6,Philippines,Ilocos Sur,176,115,1
2004,6,Philippines,Isabela,176,115,1
2004,6,Philippines,Kalinga,176,115,1
2004,6,Philippines,La Union,176,115,1
2004,6,Philippines,Mountain Province,176,115,1
2004,6,Philippines,Nueva Ecija,176,115,1
2004,6,Philippines,Nueva Vizcaya,176,115,1
2004,6,Philippines,Pangasinan,176,115,1
2004,6,Philippines,Quirino,176,115,1
2004,6,Taiwan,Taiwan,176,115,1
2004,7,Canada,Nova Scotia,194,117,1
2004,8,Antigua and Barbuda,Barbuda,232,138,1
2004,8,Antigua and Barbuda,Redonda,232,138,1
2004,8,Antigua and Barbuda,Saint George,232,138,1
2004,8,Antigua and Barbuda,Saint John,232,138,1
2004,8,Antigua and Barbuda,Saint Mary,232,138,1
2004,8,Antigua and Barbuda,Saint Paul,232,138,1
2004,8,Antigua and Barbuda,Saint Peter,232,138,1
2004,8,Antigua and Barbuda,Saint Philip,232,138,1
2004,8,Bahamas,Acklins,232,138,1
2004,8,Bahamas,Berry Islands,232,138,1
2004,8,Bahamas,Biminis,232,126.5,2
2004,8,Bahamas,Black Point,232,138,1
2004,8,Bahamas,Cat Island,232,138,1
2004,8,Bahamas,Central Abaco,232,138,1
2004,8,Bahamas,Central Andros,232,138,1
2004,8,Bahamas,Central Eleuthera,232,138,1
2004,8,Bahamas,City of Freeport,232,138,1
2004,8,Bahamas,Crooked Island,232,138,1
2004,8,Bahamas,East Grand Bahama,232,138,1
2004,8,Bahamas,Exuma,232,138,1
2004,8,Bahamas,Grand Cay,232,138,1
2004,8,Bahamas,Harbour Island,232,138,1
2004,8,Bahamas,Hope Town,232,138,1
2004,8,Bahamas,Inagua,232,138,1
2004,8,Bahamas,Long Island,232,138,1
2004,8,Bahamas,Mangrove Cay,232,138,1
2004,8,Bahamas,Mayaguana,232,138,1
2004,8,Bahamas,Moore's Island,232,138,1
2004,8,Bahamas,New Providence,232,138,1
2004,8,Bahamas,North Abaco,232,138,1
2004,8,Bahamas,North Andros,232,138,1
2004,8,Bahamas,North Eleuthera,232,138,1
2004,8,Bahamas,Ragged Island,232,138,1
2004,8,Bahamas,Rum Cay,232,138,1
2004,8,Bahamas,San Salvador,232,138,1
2004,8,Bahamas,South Abaco,232,138,1
2004,8,Bahamas,South Andros,232,138,1
2004,8,Bahamas,South Eleuthera,232,138,1
2004,8,Bahamas,Spanish Wells,232,138,1
2004,8,Bahamas,West Grand Bahama,232,126.5,2
2004,8,Cayman Islands,Bodden Town,232,115,1
2004,8,Cayman Islands,Cayman Brac,232,115,1
2004,8,Cayman Islands,East End,232,115,1
2004,8,Cayman Islands,George Town,232,115,1
2004,8,Cayman Islands,Little Cayman,232,115,1
2004,8,Cayman Islands,North Side,232,115,1
2004,8,Cayman Islands,West Bay,232,115,1
2004,8,Cuba,Camagüey,232,126.5,2
2004,8,Cuba,Ciego de Ávila,232,126.5,2
2004,8,Cuba,Cienfuegos,232,115,1
2004,8,Cuba,Ciudad de la Habana,232,115,1
2004,8,Cuba,Guantánamo,232,138,1
2004,8,Cuba,Holguín,232,138,1
2004,8,Cuba,Isla de la Juventud,232,115,1
2004,8,Cuba,La Habana,232,115,1
2004,8,Cuba,Las Tunas,232,138,1
2004,8,Cuba,Matanzas,232,115,1
2004,8,Cuba,Pinar del Río,232,115,1
2004,8,Cuba,Sancti Spíritus,232,115,1
2004,8,Cuba,Santiago de Cuba,232,138,1
2004,8,Cuba,Villa Clara,232,115,1
2004,8,Dominican Republic,Azua,232,138,1
2004,8,Dominican Republic,Bahoruco,232,138,1
2004,8,Dominican Republic,Barahona,232,138,1
2004,8,Dominican Republic,Dajabón,232,138,1
2004,8,Dominican Republic,Distrito Nacional,232,138,1
2004,8,Dominican Republic,Duarte,232,138,1
2004,8,Dominican Republic,El Seybo,232,138,1
2004,8,Dominican Republic,Espaillat,232,138,1
2004,8,Dominican Republic,Hato Mayor,232,138,1
2004,8,Dominican Republic,Independencia,232,138,1
2004,8,Dominican Republic,La Altagracia,232,138,1
2004,8,Dominican Republic,La Estrelleta,232,138,1
2004,8,Dominican Republic,La Romana,232,138,1
2004,8,Dominican Republic,La Vega,232,138,1
2004,8,Dominican Republic,María Trinidad Sánchez,232,138,1
2004,8,Dominican Republic,Monseñor Nouel,232,138,1
2004,8,Dominican Republic,Monte Cristi,232,138,1
2004,8,Dominican Republic,Monte Plata,232,138,1
2004,8,Dominican Republic,Peravia,232,138,1
2004,8,Dominican Republic,Puerto Plata,232,138,1
2004,8,Dominican Republic,Salcedo,232,138,1
2004,8,Dominican Republic,Samaná,232,138,1
2004,8,Dominican Republic,San Cristóbal,232,138,1
2004,8,Dominican Republic,San José de Ocoa,232,138,1
2004,8,Dominican Republic,San Juan,232,138,1
2004,8,Dominican Republic,San Pedro de Macorís,232,138,1
2004,8,Dominican Republic,Sánchez Ramírez,232,138,1
2004,8,Dominican Republic,Santiago,232,138,1
2004,8,Dominican Republic,Santiago Rodríguez,232,138,1
2004,8,Dominican Republic,Santo Domingo,232,138,1
2004,8,Dominican Republic,Valverde,232,138,1
2004,8,Guadeloupe,Basse-Terre,232,138,1
2004,8,Guadeloupe,Pointe-à-Pitre,232,138,1
2004,8,Guam,Agana Heights,204,154,1
2004,8,Guam,Agat,204,154,1
2004,8,Guam,Asan,204,154,1
2004,8,Guam,Barrigada,204,154,1
2004,8,Guam,Chalan-Pago-Ordot,204,154,1
2004,8,Guam,Dededo,204,154,1
2004,8,Guam,Hagåtña,204,154,1
2004,8,Guam,Inarajan,204,154,1
2004,8,Guam,Mangilao,204,154,1
2004,8,Guam,Merizo,204,154,1
2004,8,Guam,Mongmong-Toto-Maite,204,154,1
2004,8,Guam,Piti,204,154,1
2004,8,Guam,Santa Rita,204,154,1
2004,8,Guam,Sinajana,204,154,1
2004,8,Guam,Talofofo,204,154,1
2004,8,Guam,Tamuning,204,154,1
2004,8,Guam,Umatac,204,154,1
2004,8,Guam,Yigo,204,154,1
2004,8,Guam,Yona,204,154,1
2004,8,Haiti,Centre,232,138,1
2004,8,Haiti,L'Artibonite,232,138,1
2004,8,Haiti,Nord,232,138,1
2004,8,Haiti,Nord-Est,232,138,1
2004,8,Haiti,Nord-Ouest,232,138,1
2004,8,Haiti,Ouest,232,138,1
2004,8,Japan,Kagoshima,176,143,1
2004,8,Japan,Okinawa,204,148.5,2
2004,8,Japan,Shizuoka,176,143,1
2004,8,Mexico,Baja California Sur,222,86,1
2004,8,Northern Mariana Islands,Northern Islands,204,148.5,2
2004,8,Northern Mariana Islands,Rota,204,154,1
2004,8,Northern Mariana Islands,Saipan,204,148.5,2
2004,8,Northern Mariana Islands,Tinian,204,148.5,2
2004,8,Puerto Rico,Adjuntas,232,138,1
2004,8,Puerto Rico,Aguada,232,138,1
2004,8,Puerto Rico,Aguadilla,232,138,1
2004,8,Puerto Rico,Aguas Buenas,232,138,1
2004,8,Puerto Rico,Aibonito,232,138,1
2004,8,Puerto Rico,Añasco,232,138,1
2004,8,Puerto Rico,Arecibo,232,138,1
2004,8,Puerto Rico,Arroyo,232,138,1
2004,8,Puerto Rico,Barceloneta,232,138,1
2004,8,Puerto Rico,Barranquitas,232,138,1
2004,8,Puerto Rico,Bayamón,232,138,1
2004,8,Puerto Rico,Cabo Rojo,232,138,1
2004,8,Puerto Rico,Caguas,232,138,1
2004,8,Puerto Rico,Camuy,232,138,1
2004,8,Puerto Rico,Canóvanas,232,138,1
2004,8,Puerto Rico,Carolina,232,138,1
2004,8,Puerto Rico,Cataño,232,138,1
2004,8,Puerto Rico,Cayey,232,138,1
2004,8,Puerto Rico,Ceiba,232,138,1
2004,8,Puerto Rico,Ciales,232,138,1
2004,8,Puerto Rico,Cidra,232,138,1
2004,8,Puerto Rico,Coamo,232,138,1
2004,8,Puerto Rico,Comerío,232,138,1
2004,8,Puerto Rico,Corozal,232,138,1
2004,8,Puerto Rico,Culebra,232,138,1
2004,8,Puerto Rico,Dorado,232,138,1
2004,8,Puerto Rico,Fajardo,232,138,1
2004,8,Puerto Rico,Florida,232,138,1
2004,8,Puerto Rico,Guánica,232,138,1
2004,8,Puerto Rico,Guayama,232,138,1
2004,8,Puerto Rico,Guayanilla,232,138,1
2004,8,Puerto Rico,Guaynabo,232,138,1
2004,8,Puerto Rico,Gurabo,232,138,1
2004,8,Puerto Rico,Hatillo,232,138,1
2004,8,Puerto Rico,Hormigueros,232,138,1
2004,8,Puerto Rico,Humacao,232,138,1
2004,8,Puerto Rico,Isabela,232,138,1
2004,8,Puerto Rico,Jayuya,232,138,1
2004,8,Puerto Rico,Juana Díaz,232,138,1
2004,8,Puerto Rico,Juncos,232,138,1
2004,8,Puerto Rico,Lajas,232,138,1
2004,8,Puerto Rico,Lares,232,138,1
2004,8,Puerto Rico,Las Marías,232,138,1
2004,8,Puerto Rico,Las Piedras,232,138,1
2004,8,Puerto Rico,Loíza,232,138,1
2004,8,Puerto Rico,Luquillo,232,138,1
2004,8,Puerto Rico,Manatí,232,138,1
2004,8,Puerto Rico,Maricao,232,138,1
2004,8,Puerto Rico,Maunabo,232,138,1
2004,8,Puerto Rico,Mayaguez,232,138,1
2004,8,Puerto Rico,Mayagüez,232,138,1
2004,8,Puerto Rico,Moca,232,138,1
2004,8,Puerto Rico,Morovis,232,138,1
2004,8,Puerto Rico,Naguabo,232,138,1
2004,8,Puerto Rico,Naranjito,232,138,1
2004,8,Puerto Rico,Orocovis,232,138,1
2004,8,Puerto Rico,Patillas,232,138,1
2004,8,Puerto Rico,Peñuelas,232,138,1
2004,8,Puerto Rico,Ponce,232,138,1
2004,8,Puerto Rico,Quebradillas,232,138,1
2004,8,Puerto Rico,Rincón,232,138,1
2004,8,Puerto Rico,Río Grande,232,138,1
2004,8,Puerto Rico,Sabana Grande,232,138,1
2004,8,Puerto Rico,Salinas,232,138,1
2004,8,Puerto Rico,San Germán,232,138,1
2004,8,Puerto Rico,San Juan,232,138,1
2004,8,Puerto Rico,San Lorenzo,232,138,1
2004,8,Puerto Rico,San Sebastián,232,138,1
2004,8,Puerto Rico,Santa Isabel,232,138,1
2004,8,Puerto Rico,Toa Alta,232,138,1
2004,8,Puerto Rico,Toa Baja,232,138,1
2004,8,Puerto Rico,Trujillo Alto,232,138,1
2004,8,Puerto Rico,Utuado,232,138,1
2004,8,Puerto Rico,Vega Alta,232,138,1
2004,8,Puerto Rico,Vega Baja,232,138,1
2004,8,Puerto Rico,Vieques,232,138,1
2004,8,Puerto Rico,Villalba,232,138,1
2004,8,Puerto Rico,Yabucoa,232,138,1
2004,8,Puerto Rico,Yauco,232,138,1
2004,8,Saint Kitts and Nevis,Christ Church Nichola Town,232,138,1
2004,8,Saint Kitts and Nevis,Saint Anne Sandy Point,232,138,1
2004,8,Saint Kitts and Nevis,Saint George Basseterre,232,138,1
2004,8,Saint Kitts and Nevis,Saint George Gingerland,232,138,1
2004,8,Saint Kitts and Nevis,Saint James Windward,232,138,1
2004,8,Saint Kitts and Nevis,Saint John Capisterre,232,138,1
2004,8,Saint Kitts and Nevis,Saint John Figtree,232,138,1
2004,8,Saint Kitts and Nevis,Saint Mary Cayon,232,138,1
2004,8,Saint Kitts and Nevis,Saint Paul Capisterre,232,138,1
2004,8,Saint Kitts and Nevis,Saint Paul Charlestown,232,138,1
2004,8,Saint Kitts and Nevis,Saint Peter Basseterre,232,138,1
2004,8,Saint Kitts and Nevis,Saint Thomas Lowland,232,138,1
2004,8,Saint Kitts and Nevis,Saint Thomas Middle Island,232,138,1
2004,8,Saint Kitts and Nevis,Trinity Palmetto Point,232,138,1
2004,8,Turks and Caicos Islands,Grand Turk,232,138,1
2004,8,Turks and Caicos Islands,Middle Caicos,232,138,1
2004,8,Turks and Caicos Islands,North Caicos,232,138,1
2004,8,Turks and Caicos Islands,Providenciales and West Caicos,232,138,1
2004,8,Turks and Caicos Islands,Salt Cay,232,138,1
2004,8,Turks and Caicos Islands,South Caicos and East Caicos,232,138,1
2004,8,United States,Florida,232,126.5,2
2004,8,"Virgin Islands, U.S.",Saint Croix,232,138,1
2004,8,"Virgin Islands, U.S.",Saint John,232,138,1
2004,8,"Virgin Islands, U.S.",Saint Thomas,232,138,1
2004,9,Bahamas,Berry Islands,194,108,1
2004,9,Bahamas,Biminis,194,108,1
2004,9,Bahamas,Black Point,194,108,1
2004,9,Bahamas,Cat Island,194,108,1
2004,9,Bahamas,Central Abaco,194,108,1
2004,9,Bahamas,Central Andros,194,108,1
2004,9,Bahamas,Central Eleuthera,194,108,1
2004,9,Bahamas,City of Freeport,194,108,1
2004,9,Bahamas,East Grand Bahama,194,108,1
2004,9,Bahamas,Exuma,194,108,1
2004,9,Bahamas,Grand Cay,194,108,1
2004,9,Bahamas,Harbour Island,194,108,1
2004,9,Bahamas,Hope Town,194,108,1
2004,9,Bahamas,Long Island,194,108,1
2004,9,Bahamas,Mangrove Cay,194,108,1
2004,9,Bahamas,Moore's Island,194,108,1
2004,9,Bahamas,New Providence,194,108,1
2004,9,Bahamas,North Abaco,194,108,1
2004,9,Bahamas,North Andros,194,108,1
2004,9,Bahamas,North Eleuthera,194,108,1
2004,9,Bahamas,Ragged Island,194,108,1
2004,9,Bahamas,Rum Cay,194,108,1
2004,9,Bahamas,San Salvador,194,108,1
2004,9,Bahamas,South Abaco,194,108,1
2004,9,Bahamas,South Andros,194,108,1
2004,9,Bahamas,South Eleuthera,194,108,1
2004,9,Bahamas,Spanish Wells,194,108,1
2004,9,Bahamas,West Grand Bahama,194,108,1
2004,9,Barbados,Christ Church,269,146,1
2004,9,Barbados,Saint Andrew,269,146,1
2004,9,Barbados,Saint George,269,146,1
2004,9,Barbados,Saint James,269,146,1
2004,9,Barbados,Saint John,269,146,1
2004,9,Barbados,Saint Joseph,269,146,1
2004,9,Barbados,Saint Lucy,269,146,1
2004,9,Barbados,Saint Michael,269,146,1
2004,9,Barbados,Saint Peter,269,146,1
2004,9,Barbados,Saint Philip,269,146,1
2004,9,Barbados,Saint Thomas,269,146,1
2004,9,Cayman Islands,Bodden Town,269,146,1
2004,9,Cayman Islands,Cayman Brac,269,146,1
2004,9,Cayman Islands,East End,269,146,1
2004,9,Cayman Islands,George Town,269,146,1
2004,9,Cayman Islands,Little Cayman,269,146,1
2004,9,Cayman Islands,North Side,269,146,1
2004,9,Cayman Islands,West Bay,269,146,1
2004,9,Colombia,La Guajira,269,146,1
2004,9,Colombia,San Andrés y Providencia,269,146,1
2004,9,Cuba,Camagüey,269,146,1
2004,9,Cuba,Ciego de Ávila,269,146,1
2004,9,Cuba,Cienfuegos,269,146,1
2004,9,Cuba,Ciudad de la Habana,269,146,1
2004,9,Cuba,Granma,269,146,1
2004,9,Cuba,Guantánamo,269,146,1
2004,9,Cuba,Holguín,269,146,1
2004,9,Cuba,Isla de la Juventud,269,146,1
2004,9,Cuba,La Habana,269,146,1
2004,9,Cuba,Las Tunas,269,146,1
2004,9,Cuba,Matanzas,269,146,1
2004,9,Cuba,Pinar del Río,269,146,1
2004,9,Cuba,Sancti Spíritus,269,146,1
2004,9,Cuba,Santiago de Cuba,269,146,1
2004,9,Cuba,Villa Clara,269,146,1
2004,9,Dominica,Saint George,269,146,1
2004,9,Dominica,Saint Luke,269,146,1
2004,9,Dominica,Saint Mark,269,146,1
2004,9,Dominica,Saint Patrick,269,146,1
2004,9,Dominican Republic,Bahoruco,269,146,1
2004,9,Dominican Republic,Barahona,269,146,1
2004,9,Dominican Republic,Independencia,269,146,1
2004,9,Dominican Republic,Pedernales,269,146,1
2004,9,Grenada,Carriacou,269,146,1
2004,9,Grenada,Saint Andrew,269,146,1
2004,9,Grenada,Saint David,269,146,1
2004,9,Grenada,Saint George,269,146,1
2004,9,Grenada,Saint John,269,146,1
2004,9,Grenada,Saint Mark,269,146,1
2004,9,Grenada,Saint Patrick,269,146,1
2004,9,Guyana,Barima-Waini,269,146,1
2004,9,Haiti,Centre,269,146,1
2004,9,Haiti,Grand'Anse,269,146,1
2004,9,Haiti,L'Artibonite,269,146,1
2004,9,Haiti,Nippes,269,146,1
2004,9,Haiti,Ouest,269,146,1
2004,9,Haiti,Sud,269,146,1
2004,9,Haiti,Sud-Est,269,146,1
2004,9,Honduras,Gracias a Dios,269,146,1
2004,9,Jamaica,Clarendon,269,146,1
2004,9,Jamaica,Hanover,269,146,1
2004,9,Jamaica,Kingston,269,146,1
2004,9,Jamaica,Manchester,269,146,1
2004,9,Jamaica,Portland,269,146,1
2004,9,Jamaica,Saint Andrew,269,146,1
2004,9,Jamaica,Saint Ann,269,146,1
2004,9,Jamaica,Saint Catherine,269,146,1
2004,9,Jamaica,Saint Elizabeth,269,146,1
2004,9,Jamaica,Saint James,269,146,1
2004,9,Jamaica,Saint Mary,269,146,1
2004,9,Jamaica,Saint Thomas,269,146,1
2004,9,Jamaica,Trelawny,269,146,1
2004,9,Jamaica,Westmoreland,269,146,1
2004,9,Japan,Okinawa,167,127,1
2004,9,Martinique,Fort-de-France,269,146,1
2004,9,Martinique,Le Marin,269,146,1
2004,9,Martinique,Le Trinité,269,146,1
2004,9,Martinique,Saint-Pierre,269,146,1
2004,9,Mexico,Baja California Sur,241,142,1
2004,9,Mexico,Quintana Roo,269,146,1
2004,9,Mexico,Yucatán,269,146,1
2004,9,Saint Lucia,Anse-la-Raye,269,146,1
2004,9,Saint Lucia,Canaries,269,146,1
2004,9,Saint Lucia,Castries,269,146,1
2004,9,Saint Lucia,Choiseul,269,146,1
2004,9,Saint Lucia,Dennery,269,146,1
2004,9,Saint Lucia,Gros Islet,269,146,1
2004,9,Saint Lucia,Laborie,269,146,1
2004,9,Saint Lucia,Micoud,269,146,1
2004,9,Saint Lucia,Soufrière,269,146,1
2004,9,Saint Lucia,Vieux Fort,269,146,1
2004,9,Saint Vincent and the Grenadines,Charlotte,269,146,1
2004,9,Saint Vincent and the Grenadines,Grenadines,269,146,1
2004,9,Saint Vincent and the Grenadines,Saint Andrew,269,146,1
2004,9,Saint Vincent and the Grenadines,Saint David,269,146,1
2004,9,Saint Vincent and the Grenadines,Saint George,269,146,1
2004,9,Saint Vincent and the Grenadines,Saint Patrick,269,146,1
2004,9,Trinidad and Tobago,Chaguanas,269,146,1
2004,9,Trinidad and Tobago,Couva/Tabaquite/Talparo,269,146,1
2004,9,Trinidad and Tobago,Diego Martin,269,146,1
2004,9,Trinidad and Tobago,Mayaro/Rio Claro,269,146,1
2004,9,Trinidad and Tobago,Penal/Debe,269,146,1
2004,9,Trinidad and Tobago,Point Fortin,269,146,1
2004,9,Trinidad and Tobago,Port of Spain,269,146,1
2004,9,Trinidad and Tobago,Princes Town,269,146,1
2004,9,Trinidad and Tobago,San Fernando,269,146,1
2004,9,Trinidad and Tobago,San Juan/Laventille,269,146,1
2004,9,Trinidad and Tobago,Sangre Grande,269,146,1
2004,9,Trinidad and Tobago,Siparia,269,146,1
2004,9,Trinidad and Tobago,Tobago,269,146,1
2004,9,Trinidad and Tobago,Tunapuna/Piarco,269,146,1
2004,9,United States,Alabama,269,146,1
2004,9,United States,Florida,269,127,2
2004,9,United States,Georgia,269,127,2
2004,9,United States,Louisiana,269,146,1
2004,9,United States,Mississippi,269,146,1
2004,9,United States Minor Outlying Islands,Navassa,269,146,1
2004,9,Venezuela,Anzoátegui,269,146,1
2004,9,Venezuela,Aragua,269,146,1
2004,9,Venezuela,Carabobo,269,146,1
2004,9,Venezuela,Cojedes,269,146,1
2004,9,Venezuela,Delta Amacuro,269,146,1
2004,9,Venezuela,Distrito Capital,269,146,1
2004,9,Venezuela,Falcón,269,146,1
2004,9,Venezuela,Guárico,269,146,1
2004,9,Venezuela,Lara,269,146,1
2004,9,Venezuela,Miranda,269,146,1
2004,9,Venezuela,Monagas,269,146,1
2004,9,Venezuela,Nueva Esparta,269,146,1
2004,9,Venezuela,Sucre,269,146,1
2004,9,Venezuela,Vargas,269,146,1
2004,9,Venezuela,Yaracuy,269,146,1
2004,9,Venezuela,Zulia,269,146,1
2004,10,Japan,Kagoshima,185,125,1
2004,10,Japan,Okinawa,185,125,1
2004,11,Philippines,Albay,167,118,1
2004,11,Philippines,Biliran,167,118,1
2004,11,Philippines,Camarines Sur,167,118,1
2004,11,Philippines,Catanduanes,167,118,1
2004,11,Philippines,Cebu,167,118,1
2004,11,Philippines,Dinagat Islands,167,118,1
2004,11,Philippines,Eastern Samar,167,118,1
2004,11,Philippines,Leyte,167,118,1
2004,11,Philippines,Masbate,167,118,1
2004,11,Philippines,Northern Samar,167,118,1
2004,11,Philippines,Samar,167,118,1
2004,11,Philippines,Sorsogon,167,118,1
2004,11,Philippines,Southern Leyte,167,118,1
2005,1,French Southern Territories,Îles Éparses,167,89,1
2005,1,Madagascar,Fianarantsoa,167,89,1
2005,1,Madagascar,Mahajanga,167,89,1
2005,1,Madagascar,Toliary,167,89,1
2005,2,American Samoa,Eastern,213,113,1
2005,2,American Samoa,Manu'a,232,123.5,2
2005,2,American Samoa,Unorganized,232,123.5,2
2005,2,American Samoa,Western,213,113,1
2005,2,Niue,Niue,213,113,1
2005,2,Samoa,A'ana,213,113,1
2005,2,Samoa,Aiga-i-le-Tai,213,113,1
2005,2,Samoa,Atua,232,123.5,2
2005,2,Samoa,Fa'asaleleaga,232,123.5,2
2005,2,Samoa,Gaga'emauga,232,123.5,2
2005,2,Samoa,Gagaifomauga,232,123.5,2
2005,2,Samoa,Palauli,213,113,1
2005,2,Samoa,Satupa'itea,213,113,1
2005,2,Samoa,Tuamasaga,232,123.5,2
2005,2,Samoa,Va'a-o-Fonoti,232,123.5,2
2005,2,Samoa,Vaisigano,213,113,1
2005,2,Tokelau,Anafu,232,123.5,2
2005,2,Tokelau,Fakaofo,232,123.5,2
2005,2,Tokelau,Nukunonu,232,123.5,2
2005,2,Wallis and Futuna,Uvéa,213,113,1
2005,3,Australia,Coral Sea Islands,232,140,1
2005,3,Australia,Northern Territory,232,140,1
2005,3,Australia,Queensland,232,140,1
2005,3,Australia,Western Australia,232,140,1
2005,3,Indonesia,Maluku,232,140,1
2005,4,Mauritius,Rodriguez,222,116,1
2005,5,Micronesia,Yap,176,135,1
2005,7,Bahamas,Biminis,241,82,1
2005,7,Bahamas,Central Andros,241,82,1
2005,7,Bahamas,Inagua,241,82,1
2005,7,Bahamas,Mangrove Cay,241,82,1
2005,7,Bahamas,North Andros,241,82,1
2005,7,Bahamas,Ragged Island,241,82,1
2005,7,Bahamas,South Andros,241,82,1
2005,7,Belize,Belize,259,149,1
2005,7,Belize,Cayo,259,149,1
2005,7,Belize,Corozal,259,149,1
2005,7,Belize,Orange Walk,259,149,1
2005,7,Belize,Stann Creek,259,149,1
2005,7,Cayman Islands,Bodden Town,259,115.5,2
2005,7,Cayman Islands,Cayman Brac,259,115.5,2
2005,7,Cayman Islands,East End,259,115.5,2
2005,7,Cayman Islands,George Town,259,115.5,2
2005,7,Cayman Islands,Little Cayman,259,115.5,2
2005,7,Cayman Islands,North Side,259,115.5,2
2005,7,Cayman Islands,West Bay,259,115.5,2
2005,7,Colombia,La Guajira,259,149,1
2005,7,Colombia,San Andrés y Providencia,259,149,1
2005,7,Cuba,Camagüey,241,82,1
2005,7,Cuba,Ciego de Ávila,241,82,1
2005,7,Cuba,Cienfuegos,241,82,1
2005,7,Cuba,Ciudad de la Habana,241,82,1
2005,7,Cuba,Granma,259,115.5,2
2005,7,Cuba,Guantánamo,241,82,1
2005,7,Cuba,Holguín,241,82,1
2005,7,Cuba,Isla de la Juventud,259,115.5,2
2005,7,Cuba,La Habana,241,82,1
2005,7,Cuba,Las Tunas,241,82,1
2005,7,Cuba,Matanzas,241,82,1
2005,7,Cuba,Pinar del Río,259,115.5,2
2005,7,Cuba,Sancti Spíritus,241,82,1
2005,7,Cuba,Santiago de Cuba,241,82,1
2005,7,Cuba,Villa Clara,241,82,1
2005,7,Dominican Republic,Bahoruco,241,82,1
2005,7,Dominican Republic,Barahona,259,149,1
2005,7,Dominican Republic,Independencia,241,82,1
2005,7,Dominican Republic,La Estrelleta,241,82,1
2005,7,Dominican Republic,Pedernales,259,115.5,2
2005,7,Grenada,Carriacou,259,149,1
2005,7,Grenada,Saint Andrew,259,149,1
2005,7,Grenada,Saint David,259,149,1
2005,7,Grenada,Saint George,259,149,1
2005,7,Grenada,Saint John,259,149,1
2005,7,Grenada,Saint Mark,259,149,1
2005,7,Grenada,Saint Patrick,259,149,1
2005,7,Guatemala,Petén,259,149,1
2005,7,Haiti,Centre,241,82,1
2005,7,Haiti,Grand'Anse,259,115.5,2
2005,7,Haiti,L'Artibonite,241,82,1
2005,7,Haiti,Nippes,259,115.5,2
2005,7,Haiti,Nord,241,82,1
2005,7,Haiti,Nord-Est,241,82,1
2005,7,Haiti,Nord-Ouest,241,82,1
2005,7,Haiti,Ouest,259,115.5,2
2005,7,Haiti,Sud,259,115.5,2
2005,7,Haiti,Sud-Est,259,115.5,2
2005,7,Honduras,Colón,259,149,1
2005,7,Honduras,Gracias a Dios,259,149,1
2005,7,Honduras,Islas de la Bahía,259,149,1
2005,7,Jamaica,Clarendon,259,115.5,2
2005,7,Jamaica,Hanover,259,115.5,2
2005,7,Jamaica,Kingston,259,115.5,2
2005,7,Jamaica,Manchester,259,115.5,2
2005,7,Jamaica,Portland,259,115.5,2
2005,7,Jamaica,Saint Andrew,259,115.5,2
2005,7,Jamaica,Saint Ann,259,115.5,2
2005,7,Jamaica,Saint Catherine,259,115.5,2
2005,7,Jamaica,Saint Elizabeth,259,115.5,2
2005,7,Jamaica,Saint James,259,115.5,2
2005,7,Jamaica,Saint Mary,259,115.5,2
2005,7,Jamaica,Saint Thomas,259,115.5,2
2005,7,Jamaica,Trelawny,259,115.5,2
2005,7,Jamaica,Westmoreland,259,115.5,2
2005,7,Japan,Okinawa,194,137,1
2005,7,Mexico,Campeche,259,149,1
2005,7,Mexico,Coahuila,259,149,1
2005,7,Mexico,Nuevo León,259,149,1
2005,7,Mexico,Quintana Roo,259,149,1
2005,7,Mexico,San Luis Potosí,259,149,1
2005,7,Mexico,Tamaulipas,259,149,1
2005,7,Mexico,Veracruz,259,149,1
2005,7,Mexico,Yucatán,259,149,1
2005,7,Mexico,Zacatecas,259,149,1
2005,7,Nicaragua,Atlántico Norte,259,149,1
2005,7,Philippines,Batanes,194,137,1
2005,7,Saint Vincent and the Grenadines,Grenadines,259,149,1
2005,7,Taiwan,Kaohsiung,194,137,1
2005,7,Taiwan,Taipei,194,137,1
2005,7,Taiwan,Taiwan,194,137,1
2005,7,United States,Alabama,241,82,1
2005,7,United States,Florida,241,82,1
2005,7,United States,Georgia,241,82,1
2005,7,United States,Louisiana,241,82,1
2005,7,United States,Mississippi,241,82,1
2005,7,United States,Texas,259,149,1
2005,7,United States Minor Outlying Islands,Navassa,259,115.5,2
2005,7,Venezuela,Anzoátegui,259,149,1
2005,7,Venezuela,Aragua,259,149,1
2005,7,Venezuela,Carabobo,259,149,1
2005,7,Venezuela,Cojedes,259,149,1
2005,7,Venezuela,Distrito Capital,259,149,1
2005,7,Venezuela,Falcón,259,149,1
2005,7,Venezuela,Guárico,259,149,1
2005,7,Venezuela,Lara,259,149,1
2005,7,Venezuela,Miranda,259,149,1
2005,7,Venezuela,Monagas,259,149,1
2005,7,Venezuela,Nueva Esparta,259,149,1
2005,7,Venezuela,Sucre,259,149,1
2005,7,Venezuela,Vargas,259,149,1
2005,7,Venezuela,Yaracuy,259,149,1
2005,7,Venezuela,Zulia,259,149,1
2005,8,Bahamas,Biminis,278,134,1
2005,8,China,Fujian,176,127,1
2005,8,Cuba,Cienfuegos,278,134,1
2005,8,Cuba,Ciudad de la Habana,278,134,1
2005,8,Cuba,Isla de la Juventud,278,134,1
2005,8,Cuba,La Habana,278,134,1
2005,8,Cuba,Matanzas,278,134,1
2005,8,Cuba,Pinar del Río,278,134,1
2005,8,Cuba,Villa Clara,278,134,1
2005,8,Guam,Agana Heights,176,141,1
2005,8,Guam,Agat,176,141,1
2005,8,Guam,Asan,176,141,1
2005,8,Guam,Barrigada,176,141,1
2005,8,Guam,Chalan-Pago-Ordot,176,141,1
2005,8,Guam,Dededo,176,141,1
2005,8,Guam,Hagåtña,176,141,1
2005,8,Guam,Inarajan,176,141,1
2005,8,Guam,Mangilao,176,141,1
2005,8,Guam,Merizo,176,141,1
2005,8,Guam,Mongmong-Toto-Maite,176,141,1
2005,8,Guam,Piti,176,141,1
2005,8,Guam,Santa Rita,176,141,1
2005,8,Guam,Sinajana,176,141,1
2005,8,Guam,Talofofo,176,141,1
2005,8,Guam,Tamuning,176,141,1
2005,8,Guam,Umatac,176,141,1
2005,8,Guam,Yigo,176,141,1
2005,8,Guam,Yona,176,141,1
2005,8,Japan,Okinawa,176,134,2
2005,8,Japan,Shizuoka,176,121,1
2005,8,Mexico,Baja California Sur,167,96,1
2005,8,Mexico,Quintana Roo,278,134,1
2005,8,Northern Mariana Islands,Northern Islands,176,141,1
2005,8,Northern Mariana Islands,Rota,176,141,1
2005,8,Northern Mariana Islands,Saipan,176,141,1
2005,8,Northern Mariana Islands,Tinian,176,141,1
2005,8,Philippines,Batanes,176,127,1
2005,8,Taiwan,Kaohsiung,176,127,1
2005,8,Taiwan,Taipei,176,127,1
2005,8,Taiwan,Taiwan,176,127,1
2005,8,United States,Alabama,278,134,1
2005,8,United States,Florida,278,134,1
2005,8,United States,Louisiana,278,134,1
2005,8,United States,Mississippi,278,134,1
2005,9,Bahamas,Biminis,287,140,1
2005,9,China,Fujian,176,139,1
2005,9,Cuba,Cienfuegos,287,140,1
2005,9,Cuba,Ciudad de la Habana,287,140,1
2005,9,Cuba,Isla de la Juventud,287,140,1
2005,9,Cuba,La Habana,287,140,1
2005,9,Cuba,Matanzas,287,140,1
2005,9,Cuba,Pinar del Río,287,140,1
2005,9,Cuba,Sancti Spíritus,287,140,1
2005,9,Cuba,Villa Clara,287,140,1
2005,9,Japan,Okinawa,176,139,1
2005,9,Mexico,Baja California Sur,167,82,1
2005,9,Mexico,Quintana Roo,287,140,1
2005,9,Mexico,Yucatán,287,140,1
2005,9,Philippines,Batanes,176,139,1
2005,9,Taiwan,Kaohsiung,176,139,1
2005,9,Taiwan,Taipei,176,139,1
2005,9,Taiwan,Taiwan,176,139,1
2005,9,United States,Florida,287,140,1
2005,9,United States,Louisiana,287,140,1
2005,9,United States,Mississippi,287,140,1
2005,9,United States,Texas,287,140,1
2005,10,Bahamas,Berry Islands,296,161,1
2005,10,Bahamas,Biminis,296,161,1
2005,10,Bahamas,Central Abaco,296,161,1
2005,10,Bahamas,Central Andros,296,161,1
2005,10,Bahamas,City of Freeport,296,161,1
2005,10,Bahamas,East Grand Bahama,296,161,1
2005,10,Bahamas,Grand Cay,296,161,1
2005,10,Bahamas,Harbour Island,296,161,1
2005,10,Bahamas,Hope Town,296,161,1
2005,10,Bahamas,Moore's Island,296,161,1
2005,10,Bahamas,New Providence,296,161,1
2005,10,Bahamas,North Abaco,296,161,1
2005,10,Bahamas,North Andros,296,161,1
2005,10,Bahamas,North Eleuthera,296,161,1
2005,10,Bahamas,South Abaco,296,161,1
2005,10,Bahamas,Spanish Wells,296,161,1
2005,10,Bahamas,West Grand Bahama,296,161,1
2005,10,Belize,Belize,296,161,1
2005,10,Belize,Cayo,296,161,1
2005,10,Belize,Corozal,296,161,1
2005,10,Belize,Orange Walk,296,161,1
2005,10,Belize,Stann Creek,296,161,1
2005,10,Cayman Islands,Bodden Town,296,161,1
2005,10,Cayman Islands,East End,296,161,1
2005,10,Cayman Islands,George Town,296,161,1
2005,10,Cayman Islands,Little Cayman,296,161,1
2005,10,Cayman Islands,North Side,296,161,1
2005,10,Cayman Islands,West Bay,296,161,1
2005,10,Colombia,San Andrés y Providencia,296,133,2
2005,10,Costa Rica,Alajuela,185,105,1
2005,10,Costa Rica,Cartago,185,105,1
2005,10,Costa Rica,Guanacaste,185,105,1
2005,10,Costa Rica,Heredia,185,105,1
2005,10,Costa Rica,Limón,185,105,1
2005,10,Costa Rica,Puntarenas,185,105,1
2005,10,Costa Rica,San José,185,105,1
2005,10,Cuba,Cienfuegos,296,161,1
2005,10,Cuba,Ciudad de la Habana,296,161,1
2005,10,Cuba,Isla de la Juventud,296,161,1
2005,10,Cuba,La Habana,296,161,1
2005,10,Cuba,Matanzas,296,161,1
2005,10,Cuba,Pinar del Río,296,161,1
2005,10,Cuba,Villa Clara,296,161,1
2005,10,Guatemala,Petén,296,161,1
2005,10,Honduras,Atlántida,296,161,1
2005,10,Honduras,Choluteca,185,105,1
2005,10,Honduras,Colón,296,133,2
2005,10,Honduras,Cortés,296,161,1
2005,10,Honduras,El Paraíso,185,105,1
2005,10,Honduras,Gracias a Dios,296,133,2
2005,10,Honduras,Islas de la Bahía,296,161,1
2005,10,Honduras,Olancho,296,133,2
2005,10,Honduras,Yoro,296,161,1
2005,10,Japan,Okinawa,185,141,1
2005,10,Mexico,Campeche,296,161,1
2005,10,Mexico,Quintana Roo,296,161,1
2005,10,Mexico,Yucatán,296,161,1
2005,10,Nicaragua,Atlántico Norte,296,133,2
2005,10,Nicaragua,Atlántico Sur,185,105,1
2005,10,Nicaragua,Boaco,185,105,1
2005,10,Nicaragua,Carazo,185,105,1
2005,10,Nicaragua,Chinandega,185,105,1
2005,10,Nicaragua,Chontales,185,105,1
2005,10,Nicaragua,Estelí,185,105,1
2005,10,Nicaragua,Granada,185,105,1
2005,10,Nicaragua,Jinotega,296,133,2
2005,10,Nicaragua,León,185,105,1
2005,10,Nicaragua,Madriz,185,105,1
2005,10,Nicaragua,Managua,185,105,1
2005,10,Nicaragua,Masaya,185,105,1
2005,10,Nicaragua,Matagalpa,185,105,1
2005,10,Nicaragua,Nicaragua,185,105,1
2005,10,Nicaragua,Nueva Segovia,185,105,1
2005,10,Nicaragua,Río San Juan,185,105,1
2005,10,Nicaragua,Rivas,185,105,1
2005,10,Panama,Bocas del Toro,185,105,1
2005,10,United States,Florida,296,161,1
2006,3,Australia,Coral Sea Islands,204,87,1
2006,3,Australia,Queensland,204,87,1
2006,3,Australia,Western Australia,204,95,1
2006,4,Australia,Northern Territory,250,115,1
2006,4,Australia,Queensland,250,115,1
2006,4,India,Andaman and Nicobar,185,114,1
2006,4,Indonesia,Papua,250,115,1
2006,4,Myanmar,Ayeyarwady,185,114,1
2006,4,Myanmar,Bago,185,114,1
2006,4,Myanmar,Chin,185,114,1
2006,4,Myanmar,Kayah,185,114,1
2006,4,Myanmar,Kayin,185,114,1
2006,4,Myanmar,Magway,185,114,1
2006,4,Myanmar,Mandalay,185,114,1
2006,4,Myanmar,Mon,185,114,1
2006,4,Myanmar,Rakhine,185,114,1
2006,4,Myanmar,Shan,185,114,1
2006,4,Myanmar,Yangon,185,114,1
2006,4,Thailand,Mae Hong Son,185,114,1
2006,4,Thailand,Tak,185,114,1
2006,5,China,Paracel Islands,176,118,1
2006,5,Taiwan,Pratas Islands,176,118,1
2006,7,Mexico,Baja California Sur,204,96,1
2006,8,China,Anhui,194,136,1
2006,8,China,Fujian,194,136,1
2006,8,China,Jiangxi,194,136,1
2006,8,China,Zhejiang,194,136,1
2006,8,Japan,Kagoshima,194,136,1
2006,8,Japan,Okinawa,194,136,1
2006,8,Mexico,Baja California Sur,213,118,2
2006,8,Mexico,Chihuahua,213,131,1
2006,8,Mexico,Colima,213,131,1
2006,8,Mexico,Durango,213,131,1
2006,8,Mexico,Guanajuato,213,131,1
2006,8,Mexico,Guerrero,213,131,1
2006,8,Mexico,Jalisco,213,131,1
2006,8,Mexico,México,213,131,1
2006,8,Mexico,Michoacán,213,131,1
2006,8,Mexico,Morelos,213,131,1
2006,8,Mexico,Nayarit,213,131,1
2006,8,Mexico,Oaxaca,213,131,1
2006,8,Mexico,Puebla,213,131,1
2006,8,Mexico,Sinaloa,213,131,1
2006,8,Mexico,Sonora,213,131,1
2006,8,Mexico,Zacatecas,213,131,1
2006,8,Taiwan,Taipei,194,136,1
2006,8,Taiwan,Taiwan,194,136,1
2006,8,United States Minor Outlying Islands,Johnston,259,151,1
2006,8,United States Minor Outlying Islands,Wake,259,151,1
2006,9,Japan,Kagoshima,204,147,1
2006,9,Japan,Okinawa,204,147,1
2006,9,Japan,Shizuoka,194,135,1
2006,9,Mexico,Baja California Sur,204,111,1
2006,9,Mexico,Chihuahua,204,111,1
2006,9,Mexico,Colima,204,111,1
2006,9,Mexico,Durango,204,111,1
2006,9,Mexico,Jalisco,204,111,1
2006,9,Mexico,Nayarit,204,111,1
2006,9,Mexico,Sinaloa,204,111,1
2006,9,Mexico,Sonora,204,111,1
2006,9,Mexico,Zacatecas,204,111,1
2006,9,Northern Mariana Islands,Northern Islands,194,135,1
2006,9,Philippines,Batanes,204,147,1
2006,9,Philippines,Cagayan,204,147,1
2006,9,Taiwan,Taipei,204,147,1
2006,9,Taiwan,Taiwan,204,147,1
2006,10,Mexico,Baja California Sur,167,95,1
2006,10,Philippines,Abra,185,132,1
2006,10,Philippines,Albay,185,132,1
2006,10,Philippines,Apayao,185,132,1
2006,10,Philippines,Aurora,185,132,1
2006,10,Philippines,Bataan,185,132,1
2006,10,Philippines,Batangas,185,132,1
2006,10,Philippines,Benguet,185,132,1
2006,10,Philippines,Bulacan,185,132,1
2006,10,Philippines,Cagayan,185,132,1
2006,10,Philippines,Camarines Norte,185,132,1
2006,10,Philippines,Camarines Sur,185,132,1
2006,10,Philippines,Catanduanes,185,132,1
2006,10,Philippines,Cavite,185,132,1
2006,10,Philippines,Eastern Samar,185,132,1
2006,10,Philippines,Ifugao,185,132,1
2006,10,Philippines,Ilocos Norte,185,132,1
2006,10,Philippines,Ilocos Sur,185,132,1
2006,10,Philippines,Isabela,185,132,1
2006,10,Philippines,Kalinga,185,132,1
2006,10,Philippines,La Union,185,132,1
2006,10,Philippines,Laguna,185,132,1
2006,10,Philippines,Marinduque,185,132,1
2006,10,Philippines,Masbate,185,132,1
2006,10,Philippines,Metropolitan Manila,185,132,1
2006,10,Philippines,Mountain Province,185,132,1
2006,10,Philippines,Northern Samar,185,132,1
2006,10,Philippines,Nueva Ecija,185,132,1
2006,10,Philippines,Nueva Vizcaya,185,132,1
2006,10,Philippines,Occidental Mindoro,185,132,1
2006,10,Philippines,Oriental Mindoro,185,132,1
2006,10,Philippines,Pampanga,185,132,1
2006,10,Philippines,Pangasinan,185,132,1
2006,10,Philippines,Quezon,185,132,1
2006,10,Philippines,Quirino,185,132,1
2006,10,Philippines,Rizal,185,132,1
2006,10,Philippines,Samar,185,132,1
2006,10,Philippines,Sorsogon,185,132,1
2006,10,Philippines,Tarlac,185,132,1
2006,10,Philippines,Zambales,185,132,1
2006,10,Solomon Islands,Temotu,176,115,1
2006,10,Taiwan,Pratas Islands,185,132,1
2006,10,Vanuatu,Malampa,176,115,1
2006,10,Vanuatu,Penama,176,115,1
2006,10,Vanuatu,Sanma,176,115,1
2006,10,Vanuatu,Shefa,176,115,1
2006,10,Vanuatu,Torba,176,115,1
2006,11,Philippines,Abra,185,120,1
2006,11,Philippines,Aklan,194,125,1
2006,11,Philippines,Albay,194,122.5,2
2006,11,Philippines,Antique,194,125,1
2006,11,Philippines,Apayao,185,120,1
2006,11,Philippines,Aurora,194,122.5,2
2006,11,Philippines,Bataan,194,122.5,2
2006,11,Philippines,Batangas,194,122.5,2
2006,11,Philippines,Benguet,185,120,1
2006,11,Philippines,Biliran,194,125,1
2006,11,Philippines,Bohol,194,125,1
2006,11,Philippines,Bulacan,194,122.5,2
2006,11,Philippines,Cagayan,185,120,1
2006,11,Philippines,Camarines Norte,194,122.5,2
2006,11,Philippines,Camarines Sur,194,122.5,2
2006,11,Philippines,Capiz,194,125,1
2006,11,Philippines,Catanduanes,194,122.5,2
2006,11,Philippines,Cavite,194,122.5,2
2006,11,Philippines,Cebu,194,125,1
2006,11,Philippines,Dinagat Islands,194,125,1
2006,11,Philippines,Eastern Samar,194,125,1
2006,11,Philippines,Guimaras,194,125,1
2006,11,Philippines,Ifugao,185,120,1
2006,11,Philippines,Ilocos Norte,185,120,1
2006,11,Philippines,Ilocos Sur,185,120,1
2006,11,Philippines,Iloilo,194,125,1
2006,11,Philippines,Isabela,194,122.5,2
2006,11,Philippines,Kalinga,185,120,1
2006,11,Philippines,La Union,185,120,1
2006,11,Philippines,Laguna,194,122.5,2
2006,11,Philippines,Leyte,194,125,1
2006,11,Philippines,Marinduque,194,122.5,2
2006,11,Philippines,Masbate,194,122.5,2
2006,11,Philippines,Metropolitan Manila,194,122.5,2
2006,11,Philippines,Mountain Province,185,120,1
2006,11,Philippines,Negros Occidental,194,125,1
2006,11,Philippines,Negros Oriental,194,125,1
2006,11,Philippines,Northern Samar,194,122.5,2
2006,11,Philippines,Nueva Ecija,194,122.5,2
2006,11,Philippines,Nueva Vizcaya,194,122.5,2
2006,11,Philippines,Occidental Mindoro,194,122.5,2
2006,11,Philippines,Oriental Mindoro,194,122.5,2
2006,11,Philippines,Palawan,194,125,1
2006,11,Philippines,Pampanga,194,122.5,2
2006,11,Philippines,Pangasinan,185,120,1
2006,11,Philippines,Quezon,194,122.5,2
2006,11,Philippines,Quirino,194,122.5,2
2006,11,Philippines,Rizal,194,122.5,2
2006,11,Philippines,Romblon,194,122.5,2
2006,11,Philippines,Samar,194,125,1
2006,11,Philippines,Sorsogon,194,122.5,2
2006,11,Philippines,Southern Leyte,194,125,1
2006,11,Philippines,Surigao del Norte,194,125,1
2006,11,Philippines,Tarlac,194,122.5,2
2006,11,Philippines,Zambales,194,122.5,2
2006,12,Mauritius,North Island,204,89,1
2007,2,French Southern Territories,Îles Éparses,194,97,2
2007,2,Madagascar,Fianarantsoa,194,94,1
2007,2,Madagascar,Toamasina,167,100,1
2007,2,Madagascar,Toliary,194,94,1
2007,2,Mozambique,Gaza,194,94,1
2007,2,Mozambique,Inhambane,194,94,1
2007,2,Mozambique,Manica,194,94,1
2007,2,Mozambique,Sofala,194,94,1
2007,2,Mozambique,Zambezia,194,94,1
2007,2,Reunion,Saint-Benoît,167,100,1
2007,2,Reunion,Saint-Denis,167,100,1
2007,2,Reunion,Saint-Paul,167,100,1
2007,2,Reunion,Saint-Pierre,167,100,1
2007,2,Zimbabwe,Manicaland,194,94,1
2007,2,Zimbabwe,Masvingo,194,94,1
2007,3,Australia,Western Australia,204,82,2
2007,3,French Southern Territories,Îles Éparses,185,79,2
2007,3,Madagascar,Antsiranana,185,79,2
2007,3,Madagascar,Mahajanga,185,79,2
2007,3,Madagascar,Toamasina,185,79,2
2007,3,Mauritius,Coco Island,185,74,1
2007,5,Japan,Shizuoka,176,136,1
2007,6,Oman,Ad Dakhliyah,235,134,1
2007,6,Oman,Al Wusta,235,134,1
2007,6,Oman,Ash Sharqiyah,235,134,1
2007,6,Oman,Muscat,235,134,1
2007,7,Japan,Ehime,167,118,1
2007,7,Japan,Fukuoka,167,118,1
2007,7,Japan,Hiroshima,167,118,1
2007,7,Japan,Kagoshima,176,121.5,2
2007,7,Japan,Kochi,167,118,1
2007,7,Japan,Kumamoto,167,118,1
2007,7,Japan,Miyazaki,167,118,1
2007,7,Japan,Naoasaki,167,118,1
2007,7,Japan,Oita,167,118,1
2007,7,Japan,Okinawa,176,125,1
2007,7,Japan,Tokushima,167,118,1
2007,7,Japan,Yamaguchi,167,118,1
2007,8,Antigua and Barbuda,Barbuda,278,159,1
2007,8,Antigua and Barbuda,Redonda,278,159,1
2007,8,Antigua and Barbuda,Saint George,278,159,1
2007,8,Antigua and Barbuda,Saint John,278,159,1
2007,8,Antigua and Barbuda,Saint Mary,278,159,1
2007,8,Antigua and Barbuda,Saint Paul,278,159,1
2007,8,Antigua and Barbuda,Saint Peter,278,159,1
2007,8,Antigua and Barbuda,Saint Philip,278,159,1
2007,8,Barbados,Christ Church,278,159,1
2007,8,Barbados,Saint Andrew,278,159,1
2007,8,Barbados,Saint George,278,159,1
2007,8,Barbados,Saint James,278,159,1
2007,8,Barbados,Saint John,278,159,1
2007,8,Barbados,Saint Joseph,278,159,1
2007,8,Barbados,Saint Lucy,278,159,1
2007,8,Barbados,Saint Michael,278,159,1
2007,8,Barbados,Saint Peter,278,159,1
2007,8,Barbados,Saint Philip,278,159,1
2007,8,Barbados,Saint Thomas,278,159,1
2007,8,Belize,Belize,278,159,1
2007,8,Belize,Cayo,278,159,1
2007,8,Belize,Corozal,278,159,1
2007,8,Belize,Orange Walk,278,159,1
2007,8,Belize,Stann Creek,278,159,1
2007,8,Belize,Toledo,278,159,1
2007,8,Cayman Islands,Bodden Town,278,159,1
2007,8,Cayman Islands,Cayman Brac,278,159,1
2007,8,Cayman Islands,East End,278,159,1
2007,8,Cayman Islands,George Town,278,159,1
2007,8,Cayman Islands,Little Cayman,278,159,1
2007,8,Cayman Islands,North Side,278,159,1
2007,8,Cayman Islands,West Bay,278,159,1
2007,8,China,Fujian,204,143,1
2007,8,Colombia,Atlántico,278,129,1
2007,8,Colombia,Bolívar,278,129,1
2007,8,Colombia,Cesar,278,129,1
2007,8,Colombia,La Guajira,278,129,1
2007,8,Colombia,Magdalena,278,129,1
2007,8,Colombia,San Andrés y Providencia,278,144,2
2007,8,Costa Rica,Limón,278,129,1
2007,8,Cuba,Camagüey,278,159,1
2007,8,Cuba,Granma,278,159,1
2007,8,Cuba,Guantánamo,278,159,1
2007,8,Cuba,Holguín,278,159,1
2007,8,Cuba,Isla de la Juventud,278,159,1
2007,8,Cuba,Las Tunas,278,159,1
2007,8,Cuba,Santiago de Cuba,278,159,1
2007,8,Dominica,Saint Andrew,278,159,1
2007,8,Dominica,Saint David,278,159,1
2007,8,Dominica,Saint George,278,159,1
2007,8,Dominica,Saint John,278,159,1
2007,8,Dominica,Saint Joseph,278,159,1
2007,8,Dominica,Saint Luke,278,159,1
2007,8,Dominica,Saint Mark,278,159,1
2007,8,Dominica,Saint Patrick,278,159,1
2007,8,Dominica,Saint Paul,278,159,1
2007,8,Dominica,Saint Peter,278,159,1
2007,8,Dominican Republic,Azua,278,159,1
2007,8,Dominican Republic,Bahoruco,278,159,1
2007,8,Dominican Republic,Barahona,278,159,1
2007,8,Dominican Republic,Dajabón,278,159,1
2007,8,Dominican Republic,Distrito Nacional,278,159,1
2007,8,Dominican Republic,Duarte,278,159,1
2007,8,Dominican Republic,El Seybo,278,159,1
2007,8,Dominican Republic,Espaillat,278,159,1
2007,8,Dominican Republic,Hato Mayor,278,159,1
2007,8,Dominican Republic,Independencia,278,159,1
2007,8,Dominican Republic,La Altagracia,278,159,1
2007,8,Dominican Republic,La Estrelleta,278,159,1
2007,8,Dominican Republic,La Romana,278,159,1
2007,8,Dominican Republic,La Vega,278,159,1
2007,8,Dominican Republic,María Trinidad Sánchez,278,159,1
2007,8,Dominican Republic,Monseñor Nouel,278,159,1
2007,8,Dominican Republic,Monte Cristi,278,159,1
2007,8,Dominican Republic,Monte Plata,278,159,1
2007,8,Dominican Republic,Pedernales,278,159,1
2007,8,Dominican Republic,Peravia,278,159,1
2007,8,Dominican Republic,Puerto Plata,278,159,1
2007,8,Dominican Republic,Salcedo,278,159,1
2007,8,Dominican Republic,Samaná,278,159,1
2007,8,Dominican Republic,San Cristóbal,278,159,1
2007,8,Dominican Republic,San José de Ocoa,278,159,1
2007,8,Dominican Republic,San Juan,278,159,1
2007,8,Dominican Republic,San Pedro de Macorís,278,159,1
2007,8,Dominican Republic,Sánchez Ramírez,278,159,1
2007,8,Dominican Republic,Santiago,278,159,1
2007,8,Dominican Republic,Santiago Rodríguez,278,159,1
2007,8,Dominican Republic,Santo Domingo,278,159,1
2007,8,Dominican Republic,Valverde,278,159,1
2007,8,Grenada,Carriacou,278,159,1
2007,8,Grenada,Saint Andrew,278,159,1
2007,8,Grenada,Saint David,278,159,1
2007,8,Grenada,Saint George,278,159,1
2007,8,Grenada,Saint John,278,159,1
2007,8,Grenada,Saint Mark,278,159,1
2007,8,Grenada,Saint Patrick,278,159,1
2007,8,Guadeloupe,Basse-Terre,278,159,1
2007,8,Guadeloupe,Pointe-à-Pitre,278,159,1
2007,8,Guatemala,Alta Verapaz,278,159,1
2007,8,Guatemala,Izabal,278,159,1
2007,8,Guatemala,Petén,278,159,1
2007,8,Guatemala,Quiché,278,159,1
2007,8,Haiti,Centre,278,159,1
2007,8,Haiti,Grand'Anse,278,159,1
2007,8,Haiti,L'Artibonite,278,159,1
2007,8,Haiti,Nippes,278,159,1
2007,8,Haiti,Nord,278,159,1
2007,8,Haiti,Nord-Est,278,159,1
2007,8,Haiti,Nord-Ouest,278,159,1
2007,8,Haiti,Ouest,278,159,1
2007,8,Haiti,Sud,278,159,1
2007,8,Haiti,Sud-Est,278,159,1
2007,8,Honduras,Atlántida,278,144,2
2007,8,Honduras,Colón,278,144,2
2007,8,Honduras,Cortés,278,159,1
2007,8,Honduras,El Paraíso,278,129,1
2007,8,Honduras,Gracias a Dios,278,144,2
2007,8,Honduras,Islas de la Bahía,278,144,2
2007,8,Honduras,Olancho,278,144,2
2007,8,Honduras,Santa Bárbara,278,159,1
2007,8,Honduras,Yoro,278,144,2
2007,8,Jamaica,Clarendon,278,159,1
2007,8,Jamaica,Hanover,278,159,1
2007,8,Jamaica,Kingston,278,159,1
2007,8,Jamaica,Manchester,278,159,1
2007,8,Jamaica,Portland,278,159,1
2007,8,Jamaica,Saint Andrew,278,159,1
2007,8,Jamaica,Saint Ann,278,159,1
2007,8,Jamaica,Saint Catherine,278,159,1
2007,8,Jamaica,Saint Elizabeth,278,144,2
2007,8,Jamaica,Saint James,278,159,1
2007,8,Jamaica,Saint Mary,278,159,1
2007,8,Jamaica,Saint Thomas,278,144,2
2007,8,Jamaica,Trelawny,278,159,1
2007,8,Jamaica,Westmoreland,278,159,1
2007,8,Japan,Okinawa,204,143,1
2007,8,Martinique,Fort-de-France,278,159,1
2007,8,Martinique,Le Marin,278,159,1
2007,8,Martinique,Le Trinité,278,159,1
2007,8,Martinique,Saint-Pierre,278,159,1
2007,8,Mexico,Campeche,278,159,1
2007,8,Mexico,Chiapas,278,159,1
2007,8,Mexico,Quintana Roo,278,159,1
2007,8,Mexico,Tabasco,278,159,1
2007,8,Mexico,Yucatán,278,159,1
2007,8,Nicaragua,Atlántico Norte,278,144,2
2007,8,Nicaragua,Atlántico Sur,278,129,1
2007,8,Nicaragua,Boaco,278,129,1
2007,8,Nicaragua,Chontales,278,129,1
2007,8,Nicaragua,Estelí,278,129,1
2007,8,Nicaragua,Granada,278,129,1
2007,8,Nicaragua,Jinotega,278,129,1
2007,8,Nicaragua,León,278,129,1
2007,8,Nicaragua,Madriz,278,129,1
2007,8,Nicaragua,Managua,278,129,1
2007,8,Nicaragua,Matagalpa,278,129,1
2007,8,Nicaragua,Nicaragua,278,129,1
2007,8,Nicaragua,Nueva Segovia,278,129,1
2007,8,Nicaragua,Río San Juan,278,129,1
2007,8,Philippines,Apayao,204,143,1
2007,8,Philippines,Batanes,204,143,1
2007,8,Philippines,Cagayan,204,143,1
2007,8,Philippines,Ilocos Norte,204,143,1
2007,8,Philippines,Isabela,204,143,1
2007,8,Puerto Rico,Adjuntas,278,159,1
2007,8,Puerto Rico,Aguada,278,159,1
2007,8,Puerto Rico,Aguadilla,278,159,1
2007,8,Puerto Rico,Aguas Buenas,278,159,1
2007,8,Puerto Rico,Aibonito,278,159,1
2007,8,Puerto Rico,Añasco,278,159,1
2007,8,Puerto Rico,Arecibo,278,159,1
2007,8,Puerto Rico,Arroyo,278,159,1
2007,8,Puerto Rico,Barceloneta,278,159,1
2007,8,Puerto Rico,Barranquitas,278,159,1
2007,8,Puerto Rico,Bayamón,278,159,1
2007,8,Puerto Rico,Cabo Rojo,278,159,1
2007,8,Puerto Rico,Caguas,278,159,1
2007,8,Puerto Rico,Camuy,278,159,1
2007,8,Puerto Rico,Canóvanas,278,159,1
2007,8,Puerto Rico,Carolina,278,159,1
2007,8,Puerto Rico,Cataño,278,159,1
2007,8,Puerto Rico,Cayey,278,159,1
2007,8,Puerto Rico,Ceiba,278,159,1
2007,8,Puerto Rico,Ciales,278,159,1
2007,8,Puerto Rico,Cidra,278,159,1
2007,8,Puerto Rico,Coamo,278,159,1
2007,8,Puerto Rico,Comerío,278,159,1
2007,8,Puerto Rico,Corozal,278,159,1
2007,8,Puerto Rico,Culebra,278,159,1
2007,8,Puerto Rico,Dorado,278,159,1
2007,8,Puerto Rico,Fajardo,278,159,1
2007,8,Puerto Rico,Florida,278,159,1
2007,8,Puerto Rico,Guánica,278,159,1
2007,8,Puerto Rico,Guayama,278,159,1
2007,8,Puerto Rico,Guayanilla,278,159,1
2007,8,Puerto Rico,Guaynabo,278,159,1
2007,8,Puerto Rico,Gurabo,278,159,1
2007,8,Puerto Rico,Hatillo,278,159,1
2007,8,Puerto Rico,Hormigueros,278,159,1
2007,8,Puerto Rico,Humacao,278,159,1
2007,8,Puerto Rico,Isabela,278,159,1
2007,8,Puerto Rico,Jayuya,278,159,1
2007,8,Puerto Rico,Juana Díaz,278,159,1
2007,8,Puerto Rico,Juncos,278,159,1
2007,8,Puerto Rico,Lajas,278,159,1
2007,8,Puerto Rico,Lares,278,159,1
2007,8,Puerto Rico,Las Marías,278,159,1
2007,8,Puerto Rico,Las Piedras,278,159,1
2007,8,Puerto Rico,Loíza,278,159,1
2007,8,Puerto Rico,Luquillo,278,159,1
2007,8,Puerto Rico,Manatí,278,159,1
2007,8,Puerto Rico,Maricao,278,159,1
2007,8,Puerto Rico,Maunabo,278,159,1
2007,8,Puerto Rico,Mayaguez,278,159,1
2007,8,Puerto Rico,Mayagüez,278,159,1
2007,8,Puerto Rico,Moca,278,159,1
2007,8,Puerto Rico,Morovis,278,159,1
2007,8,Puerto Rico,Naguabo,278,159,1
2007,8,Puerto Rico,Naranjito,278,159,1
2007,8,Puerto Rico,Orocovis,278,159,1
2007,8,Puerto Rico,Patillas,278,159,1
2007,8,Puerto Rico,Peñuelas,278,159,1
2007,8,Puerto Rico,Ponce,278,159,1
2007,8,Puerto Rico,Quebradillas,278,159,1
2007,8,Puerto Rico,Rincón,278,159,1
2007,8,Puerto Rico,Río Grande,278,159,1
2007,8,Puerto Rico,Sabana Grande,278,159,1
2007,8,Puerto Rico,Salinas,278,159,1
2007,8,Puerto Rico,San Germán,278,159,1
2007,8,Puerto Rico,San Juan,278,159,1
2007,8,Puerto Rico,San Lorenzo,278,159,1
2007,8,Puerto Rico,San Sebastián,278,159,1
2007,8,Puerto Rico,Santa Isabel,278,159,1
2007,8,Puerto Rico,Toa Alta,278,159,1
2007,8,Puerto Rico,Toa Baja,278,159,1
2007,8,Puerto Rico,Trujillo Alto,278,159,1
2007,8,Puerto Rico,Utuado,278,159,1
2007,8,Puerto Rico,Vega Alta,278,159,1
2007,8,Puerto Rico,Vega Baja,278,159,1
2007,8,Puerto Rico,Vieques,278,159,1
2007,8,Puerto Rico,Villalba,278,159,1
2007,8,Puerto Rico,Yabucoa,278,159,1
2007,8,Puerto Rico,Yauco,278,159,1
2007,8,Saint Kitts and Nevis,Christ Church Nichola Town,278,159,1
2007,8,Saint Kitts and Nevis,Saint Anne Sandy Point,278,159,1
2007,8,Saint Kitts and Nevis,Saint George Basseterre,278,159,1
2007,8,Saint Kitts and Nevis,Saint George Gingerland,278,159,1
2007,8,Saint Kitts and Nevis,Saint James Windward,278,159,1
2007,8,Saint Kitts and Nevis,Saint John Capisterre,278,159,1
2007,8,Saint Kitts and Nevis,Saint John Figtree,278,159,1
2007,8,Saint Kitts and Nevis,Saint Mary Cayon,278,159,1
2007,8,Saint Kitts and Nevis,Saint Paul Capisterre,278,159,1
2007,8,Saint Kitts and Nevis,Saint Paul Charlestown,278,159,1
2007,8,Saint Kitts and Nevis,Saint Peter Basseterre,278,159,1
2007,8,Saint Kitts and Nevis,Saint Thomas Lowland,278,159,1
2007,8,Saint Kitts and Nevis,Saint Thomas Middle Island,278,159,1
2007,8,Saint Kitts and Nevis,Trinity Palmetto Point,278,159,1
2007,8,Saint Lucia,Anse-la-Raye,278,159,1
2007,8,Saint Lucia,Canaries,278,159,1
2007,8,Saint Lucia,Castries,278,159,1
2007,8,Saint Lucia,Choiseul,278,159,1
2007,8,Saint Lucia,Dennery,278,159,1
2007,8,Saint Lucia,Gros Islet,278,159,1
2007,8,Saint Lucia,Laborie,278,159,1
2007,8,Saint Lucia,Micoud,278,159,1
2007,8,Saint Lucia,Soufrière,278,159,1
2007,8,Saint Lucia,Vieux Fort,278,159,1
2007,8,Saint Vincent and the Grenadines,Charlotte,278,159,1
2007,8,Saint Vincent and the Grenadines,Grenadines,278,159,1
2007,8,Saint Vincent and the Grenadines,Saint Andrew,278,159,1
2007,8,Saint Vincent and the Grenadines,Saint David,278,159,1
2007,8,Saint Vincent and the Grenadines,Saint George,278,159,1
2007,8,Saint Vincent and the Grenadines,Saint Patrick,278,159,1
2007,8,Taiwan,Kaohsiung,204,143,1
2007,8,Taiwan,Taipei,204,143,1
2007,8,Taiwan,Taiwan,204,143,1
2007,8,Trinidad and Tobago,Sangre Grande,278,159,1
2007,8,Trinidad and Tobago,Tobago,278,159,1
2007,8,United States,Hawaii,222,148,1
2007,8,United States Minor Outlying Islands,Navassa,278,159,1
2007,8,Venezuela,Aragua,278,129,1
2007,8,Venezuela,Carabobo,278,129,1
2007,8,Venezuela,Cojedes,278,129,1
2007,8,Venezuela,Distrito Capital,278,144,2
2007,8,Venezuela,Falcón,278,129,1
2007,8,Venezuela,Guárico,278,129,1
2007,8,Venezuela,Lara,278,129,1
2007,8,Venezuela,Miranda,278,129,1
2007,8,Venezuela,Portuguesa,278,129,1
2007,8,Venezuela,Trujillo,278,129,1
2007,8,Venezuela,Vargas,278,129,1
2007,8,Venezuela,Yaracuy,278,129,1
2007,8,Venezuela,Zulia,278,129,1
2007,8,"Virgin Islands, U.S.",Saint Croix,278,159,1
2007,8,"Virgin Islands, U.S.",Saint John,278,159,1
2007,8,"Virgin Islands, U.S.",Saint Thomas,278,159,1
2007,9,China,Fujian,185,132,1
2007,9,China,Shanghai,185,131,1
2007,9,China,Zhejiang,185,131.5,2
2007,9,Japan,Kagoshima,185,131,1
2007,9,Japan,Naoasaki,185,131,1
2007,9,Japan,Okinawa,185,131.5,2
2007,9,South Korea,Jeju,185,131,1
2007,9,Taiwan,Taipei,185,132,1
2007,9,Taiwan,Taiwan,185,132,1
2007,10,China,Fujian,194,138,1
2007,10,China,Zhejiang,194,138,1
2007,10,Japan,Okinawa,194,138,1
2007,10,Japan,Shizuoka,167,123,1
2007,10,Philippines,Batanes,194,138,1
2007,10,Philippines,Cagayan,194,138,1
2007,10,Taiwan,Kaohsiung,194,138,1
2007,10,Taiwan,Taipei,194,138,1
2007,10,Taiwan,Taiwan,194,138,1
2007,11,Bangladesh,Barisal,213,143,1
2007,11,Bangladesh,Chittagong,213,143,1
2007,11,Bangladesh,Dhaka,213,143,1
2007,11,Bangladesh,Khulna,213,143,1
2007,11,Bangladesh,Rajshahi,213,143,1
2007,11,India,Andaman and Nicobar,213,143,1
2007,11,India,Jharkhand,213,143,1
2007,11,India,Orissa,213,143,1
2007,11,India,Tripura,213,143,1
2007,11,India,West Bengal,213,143,1
2007,11,Myanmar,Chin,213,143,1
2007,11,Myanmar,Rakhine,213,143,1
2007,12,Fiji,Central,185,87,1
2007,12,Fiji,Eastern,185,87,1
2007,12,Fiji,Northern,185,87,1
2007,12,Fiji,Rotuma,185,87,1
2007,12,Fiji,Western,185,87,1
2007,12,Wallis and Futuna,Alo,185,87,1
2007,12,Wallis and Futuna,Singave,185,87,1
2008,1,Vanuatu,Tafea,176,110,1
2008,2,French Southern Territories,Îles Éparses,185,77,1
2008,2,Madagascar,Antananarivo,185,77,1
2008,2,Madagascar,Antsiranana,185,77,1
2008,2,Madagascar,Fianarantsoa,185,77,1
2008,2,Madagascar,Mahajanga,185,77,1
2008,2,Madagascar,Toamasina,185,77,1
2008,3,Comoros,Mwali,194,93,1
2008,3,Comoros,Njazídja,194,93,1
2008,3,Comoros,Nzwani,194,93,1
2008,3,French Southern Territories,Îles Éparses,194,93,1
2008,3,Madagascar,Mahajanga,194,93,1
2008,3,Mozambique,Cabo Delgado,194,93,1
2008,3,Mozambique,Nampula,194,93,1
2008,3,Mozambique,Nassa,194,93,1
2008,3,Mozambique,Zambezia,194,93,1
2008,4,India,Andaman and Nicobar,167,109,1
2008,4,Myanmar,Ayeyarwady,167,109,1
2008,4,Myanmar,Bago,167,109,1
2008,4,Myanmar,Kayin,167,109,1
2008,4,Myanmar,Magway,167,109,1
2008,4,Myanmar,Mon,167,109,1
2008,4,Myanmar,Rakhine,167,109,1
2008,4,Myanmar,Tanintharyi,167,109,1
2008,4,Myanmar,Yangon,167,109,1
2008,6,Philippines,Aklan,167,111,1
2008,6,Philippines,Albay,167,111,1
2008,6,Philippines,Antique,167,111,1
2008,6,Philippines,Aurora,167,111,1
2008,6,Philippines,Bataan,167,111,1
2008,6,Philippines,Batangas,167,111,1
2008,6,Philippines,Biliran,167,111,1
2008,6,Philippines,Bohol,167,111,1
2008,6,Philippines,Bulacan,167,111,1
2008,6,Philippines,Camarines Norte,167,111,1
2008,6,Philippines,Camarines Sur,167,111,1
2008,6,Philippines,Camiguin,167,111,1
2008,6,Philippines,Capiz,167,111,1
2008,6,Philippines,Catanduanes,167,111,1
2008,6,Philippines,Cavite,167,111,1
2008,6,Philippines,Cebu,167,111,1
2008,6,Philippines,Dinagat Islands,167,111,1
2008,6,Philippines,Eastern Samar,167,111,1
2008,6,Philippines,Guimaras,167,111,1
2008,6,Philippines,Iloilo,167,111,1
2008,6,Philippines,Laguna,167,111,1
2008,6,Philippines,Leyte,167,111,1
2008,6,Philippines,Marinduque,167,111,1
2008,6,Philippines,Masbate,167,111,1
2008,6,Philippines,Metropolitan Manila,167,111,1
2008,6,Philippines,Misamis Occidental,167,111,1
2008,6,Philippines,Negros Occidental,167,111,1
2008,6,Philippines,Negros Oriental,167,111,1
2008,6,Philippines,Northern Samar,167,111,1
2008,6,Philippines,Occidental Mindoro,167,111,1
2008,6,Philippines,Oriental Mindoro,167,111,1
2008,6,Philippines,Palawan,167,111,1
2008,6,Philippines,Quezon,167,111,1
2008,6,Philippines,Rizal,167,111,1
2008,6,Philippines,Romblon,167,111,1
2008,6,Philippines,Samar,167,111,1
2008,6,Philippines,Siquijor,167,111,1
2008,6,Philippines,Sorsogon,167,111,1
2008,6,Philippines,Southern Leyte,167,111,1
2008,6,Philippines,Surigao del Norte,167,111,1
2008,6,Philippines,Zamboanga del Norte,167,111,1
2008,7,Mexico,Baja California Sur,167,95,1
2008,8,Bahamas,Biminis,232,102,1
2008,8,Cayman Islands,Bodden Town,232,102,1
2008,8,Cayman Islands,Cayman Brac,232,102,1
2008,8,Cayman Islands,East End,232,102,1
2008,8,Cayman Islands,George Town,232,102,1
2008,8,Cayman Islands,Little Cayman,232,102,1
2008,8,Cayman Islands,North Side,232,102,1
2008,8,Cayman Islands,West Bay,232,102,1
2008,8,Cuba,Camagüey,232,102,1
2008,8,Cuba,Ciego de Ávila,232,102,1
2008,8,Cuba,Cienfuegos,232,102,1
2008,8,Cuba,Ciudad de la Habana,232,102,1
2008,8,Cuba,Isla de la Juventud,232,102,1
2008,8,Cuba,La Habana,232,102,1
2008,8,Cuba,Matanzas,232,102,1
2008,8,Cuba,Pinar del Río,232,102,1
2008,8,Cuba,Sancti Spíritus,232,102,1
2008,8,Cuba,Villa Clara,232,102,1
2008,8,Mexico,Quintana Roo,232,102,1
2008,8,United States,Alabama,232,102,1
2008,8,United States,Florida,232,102,1
2008,8,United States,Louisiana,232,102,1
2008,8,United States,Mississippi,232,102,1
2008,9,Bahamas,Acklins,232,146,1
2008,9,Bahamas,Biminis,232,146,1
2008,9,Bahamas,Black Point,232,146,1
2008,9,Bahamas,Cat Island,232,146,1
2008,9,Bahamas,Central Andros,232,146,1
2008,9,Bahamas,Crooked Island,232,146,1
2008,9,Bahamas,Exuma,232,146,1
2008,9,Bahamas,Inagua,232,146,1
2008,9,Bahamas,Long Island,232,146,1
2008,9,Bahamas,Mangrove Cay,232,146,1
2008,9,Bahamas,Mayaguana,232,146,1
2008,9,Bahamas,Ragged Island,232,146,1
2008,9,Bahamas,Rum Cay,232,146,1
2008,9,Bahamas,San Salvador,232,146,1
2008,9,Bahamas,South Andros,232,146,1
2008,9,Cayman Islands,Cayman Brac,232,146,1
2008,9,China,Fujian,213,127.5,2
2008,9,China,Guangdong,167,118,1
2008,9,China,Guangxi,167,118,1
2008,9,China,Hainan,167,118,1
2008,9,China,Zhejiang,185,123,1
2008,9,Cuba,Camagüey,232,146,1
2008,9,Cuba,Ciego de Ávila,232,146,1
2008,9,Cuba,Granma,232,146,1
2008,9,Cuba,Guantánamo,232,146,1
2008,9,Cuba,Holguín,232,146,1
2008,9,Cuba,Las Tunas,232,146,1
2008,9,Cuba,Sancti Spíritus,232,146,1
2008,9,Cuba,Santiago de Cuba,232,146,1
2008,9,Cuba,Villa Clara,232,146,1
2008,9,Dominican Republic,Azua,232,146,1
2008,9,Dominican Republic,Bahoruco,232,146,1
2008,9,Dominican Republic,Barahona,232,146,1
2008,9,Dominican Republic,Dajabón,232,146,1
2008,9,Dominican Republic,Distrito Nacional,232,146,1
2008,9,Dominican Republic,Duarte,232,146,1
2008,9,Dominican Republic,El Seybo,232,146,1
2008,9,Dominican Republic,Espaillat,232,146,1
2008,9,Dominican Republic,Hato Mayor,232,146,1
2008,9,Dominican Republic,Independencia,232,146,1
2008,9,Dominican Republic,La Altagracia,232,146,1
2008,9,Dominican Republic,La Estrelleta,232,146,1
2008,9,Dominican Republic,La Romana,232,146,1
2008,9,Dominican Republic,La Vega,232,146,1
2008,9,Dominican Republic,María Trinidad Sánchez,232,146,1
2008,9,Dominican Republic,Monseñor Nouel,232,146,1
2008,9,Dominican Republic,Monte Cristi,232,146,1
2008,9,Dominican Republic,Monte Plata,232,146,1
2008,9,Dominican Republic,Pedernales,232,146,1
2008,9,Dominican Republic,Peravia,232,146,1
2008,9,Dominican Republic,Puerto Plata,232,146,1
2008,9,Dominican Republic,Salcedo,232,146,1
2008,9,Dominican Republic,Samaná,232,146,1
2008,9,Dominican Republic,San Cristóbal,232,146,1
2008,9,Dominican Republic,San José de Ocoa,232,146,1
2008,9,Dominican Republic,San Juan,232,146,1
2008,9,Dominican Republic,San Pedro de Macorís,232,146,1
2008,9,Dominican Republic,Sánchez Ramírez,232,146,1
2008,9,Dominican Republic,Santiago,232,146,1
2008,9,Dominican Republic,Santiago Rodríguez,232,146,1
2008,9,Dominican Republic,Santo Domingo,232,146,1
2008,9,Dominican Republic,Valverde,232,146,1
2008,9,Haiti,Centre,232,146,1
2008,9,Haiti,Grand'Anse,232,146,1
2008,9,Haiti,L'Artibonite,232,146,1
2008,9,Haiti,Nippes,232,146,1
2008,9,Haiti,Nord,232,146,1
2008,9,Haiti,Nord-Est,232,146,1
2008,9,Haiti,Nord-Ouest,232,146,1
2008,9,Haiti,Ouest,232,146,1
2008,9,Haiti,Sud,232,146,1
2008,9,Haiti,Sud-Est,232,146,1
2008,9,Hong Kong,Central and Western,167,118,1
2008,9,Hong Kong,Eastern,167,118,1
2008,9,Hong Kong,Islands,167,118,1
2008,9,Hong Kong,Kowloon City,167,118,1
2008,9,Hong Kong,Kwai Tsing,167,118,1
2008,9,Hong Kong,Kwun Tong,167,118,1
2008,9,Hong Kong,North,167,118,1
2008,9,Hong Kong,Sai Kung,167,118,1
2008,9,Hong Kong,Sha Tin,167,118,1
2008,9,Hong Kong,Sham Shui Po,167,118,1
2008,9,Hong Kong,Southern,167,118,1
2008,9,Hong Kong,Tai Po,167,118,1
2008,9,Hong Kong,Tsuen Wan,167,118,1
2008,9,Hong Kong,Tuen Mun,167,118,1
2008,9,Hong Kong,Wan Chai,167,118,1
2008,9,Hong Kong,Wong Tai Sin,167,118,1
2008,9,Hong Kong,Yau Tsim Mong,167,118,1
2008,9,Hong Kong,Yuen Long,167,118,1
2008,9,Jamaica,Clarendon,232,146,1
2008,9,Jamaica,Hanover,232,146,1
2008,9,Jamaica,Kingston,232,146,1
2008,9,Jamaica,Manchester,232,146,1
2008,9,Jamaica,Portland,232,146,1
2008,9,Jamaica,Saint Andrew,232,146,1
2008,9,Jamaica,Saint Ann,232,146,1
2008,9,Jamaica,Saint Catherine,232,146,1
2008,9,Jamaica,Saint Elizabeth,232,146,1
2008,9,Jamaica,Saint James,232,146,1
2008,9,Jamaica,Saint Mary,232,146,1
2008,9,Jamaica,Saint Thomas,232,146,1
2008,9,Jamaica,Trelawny,232,146,1
2008,9,Jamaica,Westmoreland,232,146,1
2008,9,Japan,Okinawa,213,127.5,2
2008,9,Macao,Ilhas,167,118,1
2008,9,Philippines,Apayao,185,123,1
2008,9,Philippines,Batanes,213,127.5,2
2008,9,Philippines,Cagayan,213,127.5,2
2008,9,Philippines,Isabela,185,123,1
2008,9,Puerto Rico,Aguadilla,232,146,1
2008,9,Puerto Rico,Isabela,232,146,1
2008,9,Puerto Rico,Mayagüez,232,146,1
2008,9,Puerto Rico,Quebradillas,232,146,1
2008,9,Taiwan,Kaohsiung,213,127.5,2
2008,9,Taiwan,Taipei,213,127.5,2
2008,9,Taiwan,Taiwan,213,127.5,2
2008,9,Turks and Caicos Islands,Grand Turk,232,146,1
2008,9,Turks and Caicos Islands,Middle Caicos,232,146,1
2008,9,Turks and Caicos Islands,North Caicos,232,146,1
2008,9,Turks and Caicos Islands,Providenciales and West Caicos,232,146,1
2008,9,Turks and Caicos Islands,Salt Cay,232,146,1
2008,9,Turks and Caicos Islands,South Caicos and East Caicos,232,146,1
2008,9,United States,Louisiana,232,146,1
2008,9,United States,Texas,232,146,1
2008,9,United States Minor Outlying Islands,Navassa,232,146,1
2008,10,Antigua and Barbuda,Barbuda,213,94,1
2008,10,Antigua and Barbuda,Redonda,213,94,1
2008,10,Antigua and Barbuda,Saint George,213,94,1
2008,10,Antigua and Barbuda,Saint John,213,94,1
2008,10,Antigua and Barbuda,Saint Mary,213,94,1
2008,10,Antigua and Barbuda,Saint Paul,213,94,1
2008,10,Antigua and Barbuda,Saint Peter,213,94,1
2008,10,Antigua and Barbuda,Saint Philip,213,94,1
2008,10,Guadeloupe,Basse-Terre,213,94,1
2008,10,Guadeloupe,Pointe-à-Pitre,213,94,1
2008,10,Mexico,Baja California Sur,213,128,1
2008,10,Mexico,Sinaloa,213,128,1
2008,10,Mexico,Sonora,213,128,1
2008,10,Puerto Rico,Adjuntas,213,94,1
2008,10,Puerto Rico,Aguada,213,94,1
2008,10,Puerto Rico,Aguadilla,213,94,1
2008,10,Puerto Rico,Aguas Buenas,213,94,1
2008,10,Puerto Rico,Aibonito,213,94,1
2008,10,Puerto Rico,Añasco,213,94,1
2008,10,Puerto Rico,Arecibo,213,94,1
2008,10,Puerto Rico,Arroyo,213,94,1
2008,10,Puerto Rico,Barceloneta,213,94,1
2008,10,Puerto Rico,Barranquitas,213,94,1
2008,10,Puerto Rico,Bayamón,213,94,1
2008,10,Puerto Rico,Cabo Rojo,213,94,1
2008,10,Puerto Rico,Caguas,213,94,1
2008,10,Puerto Rico,Camuy,213,94,1
2008,10,Puerto Rico,Canóvanas,213,94,1
2008,10,Puerto Rico,Carolina,213,94,1
2008,10,Puerto Rico,Cataño,213,94,1
2008,10,Puerto Rico,Cayey,213,94,1
2008,10,Puerto Rico,Ceiba,213,94,1
2008,10,Puerto Rico,Ciales,213,94,1
2008,10,Puerto Rico,Cidra,213,94,1
2008,10,Puerto Rico,Coamo,213,94,1
2008,10,Puerto Rico,Comerío,213,94,1
2008,10,Puerto Rico,Corozal,213,94,1
2008,10,Puerto Rico,Culebra,213,94,1
2008,10,Puerto Rico,Dorado,213,94,1
2008,10,Puerto Rico,Fajardo,213,94,1
2008,10,Puerto Rico,Florida,213,94,1
2008,10,Puerto Rico,Guánica,213,94,1
2008,10,Puerto Rico,Guayama,213,94,1
2008,10,Puerto Rico,Guayanilla,213,94,1
2008,10,Puerto Rico,Guaynabo,213,94,1
2008,10,Puerto Rico,Gurabo,213,94,1
2008,10,Puerto Rico,Hatillo,213,94,1
2008,10,Puerto Rico,Hormigueros,213,94,1
2008,10,Puerto Rico,Humacao,213,94,1
2008,10,Puerto Rico,Isabela,213,94,1
2008,10,Puerto Rico,Jayuya,213,94,1
2008,10,Puerto Rico,Juana Díaz,213,94,1
2008,10,Puerto Rico,Juncos,213,94,1
2008,10,Puerto Rico,Lajas,213,94,1
2008,10,Puerto Rico,Lares,213,94,1
2008,10,Puerto Rico,Las Marías,213,94,1
2008,10,Puerto Rico,Las Piedras,213,94,1
2008,10,Puerto Rico,Loíza,213,94,1
2008,10,Puerto Rico,Luquillo,213,94,1
2008,10,Puerto Rico,Manatí,213,94,1
2008,10,Puerto Rico,Maricao,213,94,1
2008,10,Puerto Rico,Maunabo,213,94,1
2008,10,Puerto Rico,Mayaguez,213,94,1
2008,10,Puerto Rico,Mayagüez,213,94,1
2008,10,Puerto Rico,Moca,213,94,1
2008,10,Puerto Rico,Morovis,213,94,1
2008,10,Puerto Rico,Naguabo,213,94,1
2008,10,Puerto Rico,Naranjito,213,94,1
2008,10,Puerto Rico,Orocovis,213,94,1
2008,10,Puerto Rico,Patillas,213,94,1
2008,10,Puerto Rico,Peñuelas,213,94,1
2008,10,Puerto Rico,Ponce,213,94,1
2008,10,Puerto Rico,Quebradillas,213,94,1
2008,10,Puerto Rico,Rincón,213,94,1
2008,10,Puerto Rico,Río Grande,213,94,1
2008,10,Puerto Rico,Sabana Grande,213,94,1
2008,10,Puerto Rico,Salinas,213,94,1
2008,10,Puerto Rico,San Germán,213,94,1
2008,10,Puerto Rico,San Juan,213,94,1
2008,10,Puerto Rico,San Lorenzo,213,94,1
2008,10,Puerto Rico,San Sebastián,213,94,1
2008,10,Puerto Rico,Santa Isabel,213,94,1
2008,10,Puerto Rico,Toa Alta,213,94,1
2008,10,Puerto Rico,Toa Baja,213,94,1
2008,10,Puerto Rico,Trujillo Alto,213,94,1
2008,10,Puerto Rico,Utuado,213,94,1
2008,10,Puerto Rico,Vega Alta,213,94,1
2008,10,Puerto Rico,Vega Baja,213,94,1
2008,10,Puerto Rico,Vieques,213,94,1
2008,10,Puerto Rico,Villalba,213,94,1
2008,10,Puerto Rico,Yabucoa,213,94,1
2008,10,Puerto Rico,Yauco,213,94,1
2008,10,Saint Kitts and Nevis,Christ Church Nichola Town,213,94,1
2008,10,Saint Kitts and Nevis,Saint Anne Sandy Point,213,94,1
2008,10,Saint Kitts and Nevis,Saint George Basseterre,213,94,1
2008,10,Saint Kitts and Nevis,Saint George Gingerland,213,94,1
2008,10,Saint Kitts and Nevis,Saint James Windward,213,94,1
2008,10,Saint Kitts and Nevis,Saint John Capisterre,213,94,1
2008,10,Saint Kitts and Nevis,Saint John Figtree,213,94,1
2008,10,Saint Kitts and Nevis,Saint Mary Cayon,213,94,1
2008,10,Saint Kitts and Nevis,Saint Paul Capisterre,213,94,1
2008,10,Saint Kitts and Nevis,Saint Paul Charlestown,213,94,1
2008,10,Saint Kitts and Nevis,Saint Peter Basseterre,213,94,1
2008,10,Saint Kitts and Nevis,Saint Thomas Lowland,213,94,1
2008,10,Saint Kitts and Nevis,Saint Thomas Middle Island,213,94,1
2008,10,Saint Kitts and Nevis,Trinity Palmetto Point,213,94,1
2008,10,Venezuela,Distrito Capital,213,94,1
2008,10,"Virgin Islands, U.S.",Saint Croix,213,94,1
2008,10,"Virgin Islands, U.S.",Saint John,213,94,1
2008,10,"Virgin Islands, U.S.",Saint Thomas,213,94,1
2008,11,Bahamas,Biminis,232,80,1
2008,11,Bahamas,Central Andros,232,80,1
2008,11,Bahamas,Exuma,232,80,1
2008,11,Bahamas,Mangrove Cay,232,80,1
2008,11,Bahamas,Ragged Island,232,80,1
2008,11,Bahamas,South Andros,232,80,1
2008,11,Cayman Islands,Bodden Town,232,80,1
2008,11,Cayman Islands,Cayman Brac,232,80,1
2008,11,Cayman Islands,East End,232,80,1
2008,11,Cayman Islands,George Town,232,80,1
2008,11,Cayman Islands,Little Cayman,232,80,1
2008,11,Cayman Islands,North Side,232,80,1
2008,11,Cayman Islands,West Bay,232,80,1
2008,11,Colombia,San Andrés y Providencia,232,80,1
2008,11,Cuba,Camagüey,232,80,1
2008,11,Cuba,Ciego de Ávila,232,80,1
2008,11,Cuba,Cienfuegos,232,80,1
2008,11,Cuba,Granma,232,80,1
2008,11,Cuba,Guantánamo,232,80,1
2008,11,Cuba,Holguín,232,80,1
2008,11,Cuba,Isla de la Juventud,232,80,1
2008,11,Cuba,La Habana,232,80,1
2008,11,Cuba,Las Tunas,232,80,1
2008,11,Cuba,Matanzas,232,80,1
2008,11,Cuba,Sancti Spíritus,232,80,1
2008,11,Cuba,Santiago de Cuba,232,80,1
2008,11,Cuba,Villa Clara,232,80,1
2008,11,Honduras,Gracias a Dios,232,80,1
2008,11,Jamaica,Clarendon,232,80,1
2008,11,Jamaica,Hanover,232,80,1
2008,11,Jamaica,Kingston,232,80,1
2008,11,Jamaica,Manchester,232,80,1
2008,11,Jamaica,Portland,232,80,1
2008,11,Jamaica,Saint Andrew,232,80,1
2008,11,Jamaica,Saint Ann,232,80,1
2008,11,Jamaica,Saint Catherine,232,80,1
2008,11,Jamaica,Saint Elizabeth,232,80,1
2008,11,Jamaica,Saint James,232,80,1
2008,11,Jamaica,Saint Mary,232,80,1
2008,11,Jamaica,Saint Thomas,232,80,1
2008,11,Jamaica,Trelawny,232,80,1
2008,11,Jamaica,Westmoreland,232,80,1
2009,1,French Southern Territories,Îles Éparses,185,78,1
2009,1,Madagascar,Antananarivo,185,78,1
2009,1,Madagascar,Fianarantsoa,185,78,1
2009,1,Madagascar,Mahajanga,185,78,1
2009,1,Madagascar,Toliary,185,78,1
2009,2,Madagascar,Fianarantsoa,185,100,1
2009,2,Madagascar,Toamasina,185,100,1
2009,2,Reunion,Saint-Benoît,185,100,1
2009,2,Reunion,Saint-Denis,185,100,1
2009,2,Reunion,Saint-Paul,185,100,1
2009,2,Reunion,Saint-Pierre,185,100,1
2009,3,Australia,Coral Sea Islands,213,149,1
2009,3,Australia,Queensland,213,149,1
2009,8,Bermuda,Devonshire,213,142,1
2009,8,Bermuda,Hamilton,213,142,1
2009,8,Bermuda,Hamilton Municipality,213,142,1
2009,8,Bermuda,Paget,213,142,1
2009,8,Bermuda,Pembroke,213,142,1
2009,8,Bermuda,Saint George municipality,213,142,1
2009,8,Bermuda,Saint George's,213,142,1
2009,8,Bermuda,Sandys,213,142,1
2009,8,Bermuda,Smiths,213,142,1
2009,8,Bermuda,Southampton,213,142,1
2009,8,Bermuda,Warwick,213,142,1
2009,8,Mexico,Baja California,250,132,1
2009,8,Mexico,Baja California Sur,250,132,1
2009,8,Mexico,Colima,250,132,1
2009,8,Mexico,Jalisco,250,132,1
2009,8,Mexico,Michoacán,250,132,1
2009,8,Mexico,Sinaloa,250,132,1
2009,8,Mexico,Sonora,250,132,1
2009,9,Guam,Agana Heights,204,156,1
2009,9,Guam,Agat,204,156,1
2009,9,Guam,Asan,204,156,1
2009,9,Guam,Barrigada,204,156,1
2009,9,Guam,Chalan-Pago-Ordot,204,156,1
2009,9,Guam,Dededo,204,156,1
2009,9,Guam,Hagåtña,204,156,1
2009,9,Guam,Inarajan,204,156,1
2009,9,Guam,Mangilao,204,156,1
2009,9,Guam,Merizo,204,156,1
2009,9,Guam,Mongmong-Toto-Maite,204,156,1
2009,9,Guam,Piti,204,156,1
2009,9,Guam,Santa Rita,204,156,1
2009,9,Guam,Sinajana,204,156,1
2009,9,Guam,Talofofo,204,156,1
2009,9,Guam,Tamuning,204,156,1
2009,9,Guam,Umatac,204,156,1
2009,9,Guam,Yigo,204,156,1
2009,9,Guam,Yona,204,156,1
2009,9,Japan,Okinawa,204,156,1
2009,9,Japan,Shizuoka,194,149,1
2009,9,Northern Mariana Islands,Northern Islands,204,152.5,2
2009,9,Northern Mariana Islands,Rota,204,152.5,2
2009,9,Northern Mariana Islands,Saipan,204,152.5,2
2009,9,Northern Mariana Islands,Tinian,204,152.5,2
2009,9,Philippines,Albay,185,100,1
2009,9,Philippines,Biliran,185,100,1
2009,9,Philippines,Camarines Norte,185,100,1
2009,9,Philippines,Camarines Sur,185,100,1
2009,9,Philippines,Catanduanes,185,100,1
2009,9,Philippines,Eastern Samar,185,100,1
2009,9,Philippines,Leyte,185,100,1
2009,9,Philippines,Masbate,185,100,1
2009,9,Philippines,Northern Samar,185,100,1
2009,9,Philippines,Samar,185,100,1
2009,9,Philippines,Sorsogon,185,100,1
2009,10,Mexico,Baja California Sur,287,157,1
2009,10,Mexico,Guerrero,287,157,1
2009,10,Mexico,Michoacán,287,157,1
2009,10,United States Minor Outlying Islands,Johnston,204,106,1
2009,10,United States Minor Outlying Islands,Midway,204,106,1
2009,11,Cuba,Isla de la Juventud,167,95,1
2009,11,Cuba,Pinar del Río,167,95,1
2009,11,Guam,Agana Heights,213,152,1
2009,11,Guam,Agat,213,152,1
2009,11,Guam,Asan,213,152,1
2009,11,Guam,Barrigada,213,152,1
2009,11,Guam,Chalan-Pago-Ordot,213,152,1
2009,11,Guam,Dededo,213,152,1
2009,11,Guam,Hagåtña,213,152,1
2009,11,Guam,Inarajan,213,152,1
2009,11,Guam,Mangilao,213,152,1
2009,11,Guam,Merizo,213,152,1
2009,11,Guam,Mongmong-Toto-Maite,213,152,1
2009,11,Guam,Piti,213,152,1
2009,11,Guam,Santa Rita,213,152,1
2009,11,Guam,Sinajana,213,152,1
2009,11,Guam,Talofofo,213,152,1
2009,11,Guam,Tamuning,213,152,1
2009,11,Guam,Umatac,213,152,1
2009,11,Guam,Yigo,213,152,1
2009,11,Guam,Yona,213,152,1
2009,11,Mexico,Quintana Roo,167,95,1
2009,11,Mexico,Yucatán,167,95,1
2009,11,Micronesia,Yap,213,152,1
2009,11,Northern Mariana Islands,Rota,213,152,1
2009,12,Australia,Ashmore and Cartier Islands,204,84,1
2009,12,Australia,Western Australia,204,84,1
